nid,navn,gruppe
1790,Assosiasjonsruletten (malbasert),Malbasert
1804,Sorteringsbingo (malbasert),Malbasert
4005,25-leken (alle opplegg + redigerbar),Malbasert
4009,Alias (malbasert),Malbasert
4357,Finn spørsmålet!,Malbasert
4453,Hot Seat,Malbasert
5417,Påskenøtter,Malbasert
6832,Kunnskapsbattle (malbasert),Malbasert
6837,Jeopardyblink (malbasert),Malbasert
6838,Quiz-bomben (malbasert),Malbasert
11322,Sette sammen setninger (malbasert),Malbasert
11323,Rulleringsquiz (alle + redigerbar),Malbasert
12213,Aball-hefte,Aball 1
16210,Månedens Aktiv læring 2025,.Månedens
18887,Månedens Aktiv læring 2026,.Månedens
19559,Aktiv læring modul 10,.Moduler
19568,Aktiv læring modul 9,.Moduler
