samling_nid,samling_tittel,lenketekst,href,format,maal_nid,maal_type,maal_publisert,finnes
15468,Tipsliste til SFO/AKS,Klokka/Klokken,https://trivselsleder.no/klokka-klokken,full-adresse,13632,game,ja,ja
15468,Tipsliste til SFO/AKS,Snørrmonsteret,https://trivselsleder.no/snorrmonsteret,full-adresse,1059,game,ja,ja
15468,Tipsliste til SFO/AKS,Alle mot alle,https://trivselsleder.no/alle-mot-alle-0,full-adresse,13659,game,ja,ja
15468,Tipsliste til SFO/AKS,Mastermind,https://trivselsleder.no/mastermind-1,full-adresse,13656,game,ja,ja
15468,Tipsliste til SFO/AKS,Ringbattle,https://trivselsleder.no/ringbattle,full-adresse,1053,game,ja,ja
15468,Tipsliste til SFO/AKS,Ekornsisten,https://trivselsleder.no/ekornsisten,full-adresse,1247,game,ja,ja
15468,Tipsliste til SFO/AKS,Flip out,https://trivselsleder.no/flip-out,full-adresse,8853,game,ja,ja
15468,Tipsliste til SFO/AKS,Alle sammen ut av huset,https://trivselsleder.no/alle-sammen-ut-av-huset,full-adresse,2718,game,nei,ja
15468,Tipsliste til SFO/AKS,"Løve, løvetemmer og ballerinadanser",https://trivselsleder.no/love-lovetemmer-og-ballerinadanser,full-adresse,1050,game,ja,ja
15468,Tipsliste til SFO/AKS,Ringbattle,https://trivselsleder.no/ringbattle,full-adresse,1053,game,ja,ja
15468,Tipsliste til SFO/AKS,Sumpmonsteret,https://trivselsleder.no/sumpmonsteret,full-adresse,6092,game,ja,ja
15468,Tipsliste til SFO/AKS,Supermusa,https://trivselsleder.no/supermusa,full-adresse,13623,game,ja,ja
15468,Tipsliste til SFO/AKS,TL-danser,https://trivselsleder.no/tl-dans,full-adresse,,finnes_ikke,,nei
15468,Tipsliste til SFO/AKS,Ekornsisten,https://trivselsleder.no/ekornsisten,full-adresse,1247,game,ja,ja
15468,Tipsliste til SFO/AKS,Steinen bak ryggen,https://trivselsleder.no/steinen-bak-ryggen,full-adresse,1248,game,ja,ja
15468,Tipsliste til SFO/AKS,Poengball,https://trivselsleder.no/poengball,full-adresse,8854,game,ja,ja
15468,Tipsliste til SFO/AKS,Supermusa,https://trivselsleder.no/supermusa,full-adresse,13623,game,ja,ja
15468,Tipsliste til SFO/AKS,Klokka/Klokken,https://trivselsleder.no/klokka-klokken,full-adresse,13632,game,ja,ja
15468,Tipsliste til SFO/AKS,Den flyvende pennen,https://trivselsleder.no/den-flyvende-pennen,full-adresse,13635,game,ja,ja
15468,Tipsliste til SFO/AKS,Togstopp,https://trivselsleder.no/togstopp,full-adresse,13625,game,ja,ja
15468,Tipsliste til SFO/AKS,Dyrene skriker,https://trivselsleder.no/dyrene-skriker,full-adresse,1138,game,ja,ja
15468,Tipsliste til SFO/AKS,Dyrene skriker,https://trivselsleder.no/dyrene-skriker,full-adresse,1138,game,ja,ja
15468,Tipsliste til SFO/AKS,"Stein, saks, papir - runden",https://trivselsleder.no/stein-saks-papir-runden-1,full-adresse,13661,game,nei,ja
15468,Tipsliste til SFO/AKS,Heia Heidi,https://trivselsleder.no/heia-heidi,full-adresse,1064,game,ja,ja
15468,Tipsliste til SFO/AKS,Enarmet Banditt,https://trivselsleder.no/enarmet-banditt,full-adresse,2468,game,ja,ja
15468,Tipsliste til SFO/AKS,"Stein, saks, papir - stigen",https://trivselsleder.no/stein-saks-papir-stigen,full-adresse,10131,game,ja,ja
15468,Tipsliste til SFO/AKS,Kortstokktrening,https://trivselsleder.no/kortstokktrening,full-adresse,3930,game,ja,ja
15468,Tipsliste til SFO/AKS,Fange finger,https://trivselsleder.no/fange-finger,full-adresse,2264,game,ja,ja
15468,Tipsliste til SFO/AKS,Hatten på,https://trivselsleder.no/hatten-pa,full-adresse,10132,game,ja,ja
15468,Tipsliste til SFO/AKS,Den forsvunne diamanten,https://trivselsleder.no/den-forsvunne-diamanten,full-adresse,10129,game,ja,ja
15468,Tipsliste til SFO/AKS,Felles krefter,https://trivselsleder.no/felles-krefter,full-adresse,2277,game,ja,ja
15468,Tipsliste til SFO/AKS,Fliptriangelet,https://trivselsleder.no/fliptriangelet,full-adresse,13631,game,ja,ja
15468,Tipsliste til SFO/AKS,Doktorsisten,https://trivselsleder.no/doktorsisten,full-adresse,2725,game,ja,ja
15468,Tipsliste til SFO/AKS,Fire lys,https://trivselsleder.no/fire-lys,full-adresse,1076,game,ja,ja
15468,Tipsliste til SFO/AKS,Klokka,https://trivselsleder.no/klokka,full-adresse,,finnes_ikke,,nei
15468,Tipsliste til SFO/AKS,Fire lys,https://trivselsleder.no/fire-lys,full-adresse,1076,game,ja,ja
15468,Tipsliste til SFO/AKS,Gjett sporten,https://trivselsleder.no/gjett-sporten,full-adresse,3935,game,ja,ja
15468,Tipsliste til SFO/AKS,Alene hjemme,https://trivselsleder.no/alene-hjemme,full-adresse,6093,game,ja,ja
15468,Tipsliste til SFO/AKS,Fisken i det røde hav,https://trivselsleder.no/fisken-i-det-rode-hav,full-adresse,2698,game,ja,ja
15468,Tipsliste til SFO/AKS,Hei på deg,https://trivselsleder.no/hei-pa-deg,full-adresse,4177,game,ja,ja
15468,Tipsliste til SFO/AKS,Haukene,https://trivselsleder.no/haukene,full-adresse,8856,game,ja,ja
15468,Tipsliste til SFO/AKS,Bulldog,https://trivselsleder.no/bulldog,full-adresse,1353,game,ja,ja
15468,Tipsliste til SFO/AKS,Heia Heidi,https://trivselsleder.no/heia-heidi,full-adresse,1064,game,ja,ja
15468,Tipsliste til SFO/AKS,Byggekaos,https://trivselsleder.no/byggekaos,full-adresse,10123,game,ja,ja
15468,Tipsliste til SFO/AKS,Trejageren,https://trivselsleder.no/trejageren,full-adresse,1129,game,ja,ja
15468,Tipsliste til SFO/AKS,High five,https://trivselsleder.no/high-five-0,full-adresse,,finnes_ikke,,nei
15468,Tipsliste til SFO/AKS,Bulldog,https://trivselsleder.no/bulldog,full-adresse,1353,game,ja,ja
15468,Tipsliste til SFO/AKS,Silent escape,https://trivselsleder.no/silent-escape,full-adresse,1060,game,ja,ja
15468,Tipsliste til SFO/AKS,Hopp inn - hopp ut,https://trivselsleder.no/hopp-inn-hopp-ut,full-adresse,2274,game,ja,ja
15468,Tipsliste til SFO/AKS,15-leken,https://trivselsleder.no/15-leken,full-adresse,1093,game,ja,ja
15468,Tipsliste til SFO/AKS,Bevegelsesmemory,https://trivselsleder.no/bevegelsesmemory,full-adresse,1141,game,ja,ja
15468,Tipsliste til SFO/AKS,Hopp med kropp,https://trivselsleder.no/hopp-med-kropp,full-adresse,8871,game,ja,ja
15468,Tipsliste til SFO/AKS,Alle mot alle,https://trivselsleder.no/alle-mot-alle-1,full-adresse,,finnes_ikke,,nei
15468,Tipsliste til SFO/AKS,Kari og Knut: Siste par ut!,https://trivselsleder.no/kari-og-knut-siste-par-ut,full-adresse,,finnes_ikke,,nei
15468,Tipsliste til SFO/AKS,Kjegleduellen,https://trivselsleder.no/kjegleduellen-0,full-adresse,,finnes_ikke,,nei
15468,Tipsliste til SFO/AKS,Mastermind,https://trivselsleder.no/mastermind-1,full-adresse,13656,game,ja,ja
15468,Tipsliste til SFO/AKS,Selfiesisten,https://trivselsleder.no/selfiesisten,full-adresse,16213,game,ja,ja
15468,Tipsliste til SFO/AKS,Kortstokktrening,https://trivselsleder.no/kortstokktrening,full-adresse,3930,game,ja,ja
15468,Tipsliste til SFO/AKS,Befrierne,https://trivselsleder.no/befrierne,full-adresse,10127,game,ja,ja
15468,Tipsliste til SFO/AKS,Kuslippet,https://trivselsleder.no/kuslippet,full-adresse,16214,game,ja,ja
15468,Tipsliste til SFO/AKS,Spagaten,https://trivselsleder.no/spagaten-0,full-adresse,,finnes_ikke,,nei
15468,Tipsliste til SFO/AKS,Den forsvunne diamanten,https://trivselsleder.no/den-forsvunne-diamanten,full-adresse,10129,game,ja,ja
15468,Tipsliste til SFO/AKS,Sjiraffen,https://trivselsleder.no/sjiraffen,full-adresse,1054,game,ja,ja
15468,Tipsliste til SFO/AKS,"Stein, saks, papir med ertepose",https://trivselsleder.no/stein-saks-papir-med-ertepose,full-adresse,5136,game,ja,ja
15468,Tipsliste til SFO/AKS,Musenes ostefest,https://trivselsleder.no/musenes-ostefest,full-adresse,13649,game,ja,ja
15468,Tipsliste til SFO/AKS,Terningyoga,https://trivselsleder.no/terningyoga,full-adresse,3931,game,ja,ja
15468,Tipsliste til SFO/AKS,Silent escape,https://trivselsleder.no/silent-escape,full-adresse,1060,game,ja,ja
15468,Tipsliste til SFO/AKS,Tryllestav,https://trivselsleder.no/tryllestav,full-adresse,3937,game,ja,ja
15468,Tipsliste til SFO/AKS,Discosisten,https://trivselsleder.no/discosisten,full-adresse,2724,game,ja,ja
15468,Tipsliste til SFO/AKS,Sjiraffen,https://trivselsleder.no/sjiraffen,full-adresse,1054,game,ja,ja
15468,Tipsliste til SFO/AKS,Harry Potter,https://trivselsleder.no/harry-potter,full-adresse,1150,game,ja,ja
15468,Tipsliste til SFO/AKS,Dance monkey,https://trivselsleder.no/dance-monkey,full-adresse,3940,game,ja,ja
15468,Tipsliste til SFO/AKS,Sjiraffen,https://trivselsleder.no/sjiraffen,full-adresse,1054,game,ja,ja
16291,Tipsliste TL-Mester,Mastermind,https://trivselsleder.no/mastermind-1,full-adresse,13656,game,ja,ja
16291,Tipsliste TL-Mester,Colourcatch,https://trivselsleder.no/colourcatch,full-adresse,1127,game,ja,ja
16291,Tipsliste TL-Mester,Rush hour,https://trivselsleder.no/rush-hour,full-adresse,1128,game,ja,ja
16291,Tipsliste TL-Mester,Frisbeekast,https://trivselsleder.no/frisbeekast,full-adresse,1131,game,ja,ja
16291,Tipsliste TL-Mester,Blinkstafetten,https://trivselsleder.no/blinkstafetten,full-adresse,1045,game,ja,ja
16291,Tipsliste TL-Mester,Fargeduellen,https://trivselsleder.no/fargeduellen-0,full-adresse,1134,game,ja,ja
16291,Tipsliste TL-Mester,Blindekast,https://trivselsleder.no/blindekast,full-adresse,1079,game,ja,ja
16291,Tipsliste TL-Mester,Fjelltåka,https://trivselsleder.no/fjelltaka,full-adresse,1080,game,ja,ja
16291,Tipsliste TL-Mester,Flaggkampen,https://trivselsleder.no/flaggkampen,full-adresse,1445,game,ja,ja
16291,Tipsliste TL-Mester,Balansebølla,https://trivselsleder.no/balansebolla,full-adresse,1123,game,ja,ja
16291,Tipsliste TL-Mester,Speed Stacks,https://trivselsleder.no/speed-stacks,full-adresse,4497,game,ja,ja
16291,Tipsliste TL-Mester,Da Vinci-koden,https://trivselsleder.no/da-vinci-koden-ungdomsskole,full-adresse,1014,atlu,ja,ja
16291,Tipsliste TL-Mester,Hanois tårn,https://trivselsleder.no/hanois-tarn,full-adresse,1096,game,ja,ja
16291,Tipsliste TL-Mester,Fire lys,https://trivselsleder.no/fire-lys-0,full-adresse,15355,game,ja,ja
16291,Tipsliste TL-Mester,Ta flagget,https://trivselsleder.no/ta-flagget,full-adresse,13633,game,ja,ja
16291,Tipsliste TL-Mester,Rockehuset,https://trivselsleder.no/rockehuset,full-adresse,1094,game,ja,ja
16291,Tipsliste TL-Mester,Sjiraffen,https://trivselsleder.no/sjiraffen,full-adresse,1054,game,ja,ja
16291,Tipsliste TL-Mester,Alene hjemme,https://trivselsleder.no/alene-hjemme,full-adresse,6093,game,ja,ja
16291,Tipsliste TL-Mester,Cowboyen,https://trivselsleder.no/cowboyen,full-adresse,1100,game,ja,ja
16291,Tipsliste TL-Mester,Superking,https://trivselsleder.no/superking,full-adresse,1311,game,ja,ja
16291,Tipsliste TL-Mester,Harry Potter,https://trivselsleder.no/harry-potter,full-adresse,1150,game,ja,ja
16291,Tipsliste TL-Mester,Flip out,https://trivselsleder.no/flip-out,full-adresse,8853,game,ja,ja
16291,Tipsliste TL-Mester,Stjernegevinsten,https://trivselsleder.no/stjernegevinsten,full-adresse,10125,game,ja,ja
16291,Tipsliste TL-Mester,Kjeglevinnerne,https://trivselsleder.no/kjeglevinnerne,full-adresse,10126,game,ja,ja
16291,Tipsliste TL-Mester,Hatten på,https://trivselsleder.no/hatten-pa,full-adresse,10132,game,ja,ja
16291,Tipsliste TL-Mester,Chewbacca,https://trivselsleder.no/chewbacca,full-adresse,1184,game,ja,ja
16291,Tipsliste TL-Mester,Krysset,https://trivselsleder.no/krysset,full-adresse,13662,game,ja,ja
16291,Tipsliste TL-Mester,Linjekampen,https://trivselsleder.no/linjekampen,full-adresse,13624,game,ja,ja
16291,Tipsliste TL-Mester,Materball med frisbee,https://trivselsleder.no/masterball-med-frisbee,full-adresse,13629,game,ja,ja
16291,Tipsliste TL-Mester,Indiana Jones mini,https://trivselsleder.no/indiana-jones-mini,full-adresse,13630,game,ja,ja
16291,Tipsliste TL-Mester,Fliptriangelet,https://trivselsleder.no/fliptriangelet,full-adresse,13631,game,ja,ja
16291,Tipsliste TL-Mester,Box ball,https://trivselsleder.no/box-ball,full-adresse,14735,game,ja,ja
16291,Tipsliste TL-Mester,Rubiks matte,https://trivselsleder.no/rubiks-matte,full-adresse,1685,game,ja,ja
16291,Tipsliste TL-Mester,Gladiatorene,https://trivselsleder.no/gladiatorene,full-adresse,1066,game,ja,ja
16291,Tipsliste TL-Mester,Fengselsdirektøren og fangene,https://trivselsleder.no/fengselsdirektoren-og-fangene,full-adresse,1039,game,ja,ja
16291,Tipsliste TL-Mester,Match tiden,https://trivselsleder.no/match-tiden,full-adresse,1463,game,ja,ja
16291,Tipsliste TL-Mester,Boccia-bowling,https://trivselsleder.no/boccia-bowling,full-adresse,3206,game,ja,ja
16291,Tipsliste TL-Mester,Flyvende farger,https://trivselsleder.no/flyvende-farger,full-adresse,3199,game,ja,ja
16291,Tipsliste TL-Mester,Minuttball,https://trivselsleder.no/minuttball,full-adresse,1226,game,ja,ja
16291,Tipsliste TL-Mester,Sirkelsprett,https://trivselsleder.no/sirkelsprett,full-adresse,20065,game,ja,ja
19389,Tipsliste favorittleker,Dodgeball,https://trivselsleder.no/dodgeball,full-adresse,1242,game,ja,ja
19389,Tipsliste favorittleker,Alle mot alle,https://trivselsleder.no/alle-mot-alle-0,full-adresse,13659,game,ja,ja
19389,Tipsliste favorittleker,Chewbacca,https://trivselsleder.no/chewbacca,full-adresse,1184,game,ja,ja
19389,Tipsliste favorittleker,15-leken,https://trivselsleder.no/15-leken,full-adresse,1093,game,ja,ja
19389,Tipsliste favorittleker,Dodgeball switch,https://trivselsleder.no/dodgeball-switch,full-adresse,1118,game,ja,ja
19389,Tipsliste favorittleker,Bytt hus,https://trivselsleder.no/bytt-hus,full-adresse,17746,game,ja,ja
19389,Tipsliste favorittleker,Cowboyen,https://trivselsleder.no/cowboyen,full-adresse,1100,game,ja,ja
19389,Tipsliste favorittleker,Silent escape,https://trivselsleder.no/silent-escape,full-adresse,1060,game,ja,ja
19389,Tipsliste favorittleker,Erobreren,https://trivselsleder.no/erobreren,full-adresse,1119,game,ja,ja
19389,Tipsliste favorittleker,Ekornsisten,https://trivselsleder.no/ekornsisten,full-adresse,1247,game,ja,ja
19389,Tipsliste favorittleker,Bulldog,https://trivselsleder.no/bulldog,full-adresse,1353,game,ja,ja
19389,Tipsliste favorittleker,Yoshi,https://trivselsleder.no/yoshi,full-adresse,1058,game,ja,ja
19389,Tipsliste favorittleker,Gamechanger,https://trivselsleder.no/gamechanger,full-adresse,13658,game,ja,ja
19389,Tipsliste favorittleker,Selfiesisten,https://trivselsleder.no/selfiesisten,full-adresse,16213,game,ja,ja
19389,Tipsliste favorittleker,Krysset,https://trivselsleder.no/krysset,full-adresse,13662,game,ja,ja
19389,Tipsliste favorittleker,"Stein, saks, papir-runden",https://trivselsleder.no/stein-saks-papir-runden-1,full-adresse,13661,game,nei,ja
19389,Tipsliste favorittleker,King of the ring,https://trivselsleder.no/king-ring,full-adresse,1146,game,ja,ja
19389,Tipsliste favorittleker,Zombie,https://trivselsleder.no/zombie,full-adresse,1177,game,ja,ja
19389,Tipsliste favorittleker,Snørrmonsteret,https://trivselsleder.no/snorrmonsteret,full-adresse,1059,game,ja,ja
19389,Tipsliste favorittleker,Skattejakt,https://trivselsleder.no/skattejakt,full-adresse,1069,game,ja,ja
19389,Tipsliste favorittleker,Parstikkball,https://trivselsleder.no/parstikkball,full-adresse,1221,game,ja,ja
19389,Tipsliste favorittleker,Supermusa,https://trivselsleder.no/supermusa,full-adresse,13623,game,ja,ja
19389,Tipsliste favorittleker,Yeti,https://trivselsleder.no/yeti,full-adresse,1075,game,ja,ja
19389,Tipsliste favorittleker,Rockehuset,https://trivselsleder.no/rockehuset,full-adresse,1094,game,ja,ja
19389,Tipsliste favorittleker,Butterflynett,https://trivselsleder.no/butterflynett,full-adresse,1255,game,ja,ja
19389,Tipsliste favorittleker,Soppball,https://trivselsleder.no/soppball,full-adresse,8858,game,ja,ja
19389,Tipsliste favorittleker,Klokka / klokken,https://trivselsleder.no/klokka-klokken,full-adresse,13632,game,ja,ja
19389,Tipsliste favorittleker,Kjeglevinnerne,https://trivselsleder.no/kjeglevinnerne,full-adresse,10126,game,ja,ja
19696,Tipsliste leker for 100+ elever,marielle@trivselsleder.no,mailto:marielle@trivselsleder.no?subject=Leker%20for%20100%2B%20elever,pen-adresse,,finnes_ikke,,nei
19696,Tipsliste leker for 100+ elever,Brennende lavastein,https://trivselsleder.no/brennende-lavastein,full-adresse,1135,game,ja,ja
19696,Tipsliste leker for 100+ elever,Bulldog,https://trivselsleder.no/bulldog,full-adresse,1353,game,ja,ja
19696,Tipsliste leker for 100+ elever,Samurai,https://trivselsleder.no/samurai,full-adresse,1048,game,ja,ja
19696,Tipsliste leker for 100+ elever,TL-dans,https://trivselsleder.no/tl-dans,full-adresse,,finnes_ikke,,nei
19696,Tipsliste leker for 100+ elever,Rockehuset,https://trivselsleder.no/rockehuset,full-adresse,1094,game,ja,ja
19696,Tipsliste leker for 100+ elever,Indiana Jones,https://trivselsleder.no/indiana-jones,full-adresse,1356,game,ja,ja
19696,Tipsliste leker for 100+ elever,Alle mot alle,https://trivselsleder.no/alle-mot-alle-0,full-adresse,13659,game,ja,ja
19696,Tipsliste leker for 100+ elever,To tårn,https://trivselsleder.no/tarn,full-adresse,5132,game,ja,ja
19696,Tipsliste leker for 100+ elever,Erobreren,https://trivselsleder.no/erobreren,full-adresse,1119,game,ja,ja
19696,Tipsliste leker for 100+ elever,Lærerne knuser kidsa,https://trivselsleder.no/laererne-knuser-kidsa,full-adresse,1051,game,ja,ja
19696,Tipsliste leker for 100+ elever,Bytt hus,https://trivselsleder.no/bytt-hus,full-adresse,17746,game,ja,ja
19696,Tipsliste leker for 100+ elever,Heia Heidi,https://trivselsleder.no/heia-heidi,full-adresse,1064,game,ja,ja
19696,Tipsliste leker for 100+ elever,Kjeglevinnerne,https://trivselsleder.no/kjeglevinnerne,full-adresse,10126,game,ja,ja
19696,Tipsliste leker for 100+ elever,Yeti,https://trivselsleder.no/yeti,full-adresse,1075,game,ja,ja
19696,Tipsliste leker for 100+ elever,Hauk og due,https://trivselsleder.no/hauk-og-due,full-adresse,2729,game,ja,ja
19696,Tipsliste leker for 100+ elever,Pirates of the Caribbean,https://trivselsleder.no/pirates-caribbean,full-adresse,1688,game,ja,ja
19696,Tipsliste leker for 100+ elever,Soppball,https://trivselsleder.no/soppball,full-adresse,8858,game,ja,ja
19696,Tipsliste leker for 100+ elever,Pelikan og pingvin,https://trivselsleder.no/pelikan-og-pingvin,full-adresse,1114,game,ja,ja
19696,Tipsliste leker for 100+ elever,"Stein, saks, papir-runden",https://trivselsleder.no/stein-saks-papir-runden-1,full-adresse,13661,game,nei,ja
19696,Tipsliste leker for 100+ elever,Dodgeball,https://trivselsleder.no/dodgeball,full-adresse,1242,game,ja,ja
19696,Tipsliste leker for 100+ elever,Krokodille- og myggsisten,https://trivselsleder.no/krokodille-og-myggsisten,full-adresse,20068,game,ja,ja
19696,Tipsliste leker for 100+ elever,Nummerleken,https://trivselsleder.no/nummerleken,full-adresse,1693,game,ja,ja
19696,Tipsliste leker for 100+ elever,Stikkball,https://trivselsleder.no/stikkball,full-adresse,1348,game,ja,ja
19696,Tipsliste leker for 100+ elever,15-leken,https://trivselsleder.no/15-leken,full-adresse,1093,game,ja,ja
19696,Tipsliste leker for 100+ elever,Minuttball,https://trivselsleder.no/minuttball,full-adresse,1226,game,ja,ja
19696,Tipsliste leker for 100+ elever,Amøbe,https://trivselsleder.no/amobe,full-adresse,1165,game,ja,ja
19696,Tipsliste leker for 100+ elever,Hentestafett,https://trivselsleder.no/hentestafett,full-adresse,2762,game,ja,ja
19390,Tipsliste sosial kompetanse,Bingo - skolestart,https://trivselsleder.no/bingo-skolestart-0,full-adresse,11593,game,ja,ja
19390,Tipsliste sosial kompetanse,Piloten,http://Piloten,ekstern,,ekstern,,nei
19390,Tipsliste sosial kompetanse,Heia Heidi,https://trivselsleder.no/heia-heidi,full-adresse,1064,game,ja,ja
19390,Tipsliste sosial kompetanse,Sjiraffen,https://trivselsleder.no/sjiraffen,full-adresse,1054,game,ja,ja
19390,Tipsliste sosial kompetanse,Samarbeid,https://trivselsleder.no/samarbeid,full-adresse,1394,game,ja,ja
19390,Tipsliste sosial kompetanse,Dance monkey,https://trivselsleder.no/dance-monkey,full-adresse,3940,game,ja,ja
19390,Tipsliste sosial kompetanse,Ta den ring og la den vandre,https://trivselsleder.no/ta-den-ring-og-la-den-vandre,full-adresse,2876,game,ja,ja
19390,Tipsliste sosial kompetanse,Ballongdansen,http://Ballongdansen,ekstern,,ekstern,,nei
19390,Tipsliste sosial kompetanse,Kortspill,https://trivselsleder.no/kortspill,full-adresse,2907,game,ja,ja
19390,Tipsliste sosial kompetanse,Gi bort!,https://trivselsleder.no/gi-bort,full-adresse,2911,game,ja,ja
19390,Tipsliste sosial kompetanse,Kreativ lek,https://trivselsleder.no/kreativ-lek,full-adresse,1461,game,ja,ja
19390,Tipsliste sosial kompetanse,Silly walk,https://trivselsleder.no/silly-walk,full-adresse,1469,game,ja,ja
19390,Tipsliste sosial kompetanse,Panter´n,https://trivselsleder.no/pantern,full-adresse,1465,game,ja,ja
19390,Tipsliste sosial kompetanse,Hanois tårn,https://trivselsleder.no/hanois-tarn,full-adresse,1096,game,ja,ja
19390,Tipsliste sosial kompetanse,Kjeglevinnerne,https://trivselsleder.no/kjeglevinnerne,full-adresse,10126,game,ja,ja
19390,Tipsliste sosial kompetanse,Stigespill på bakken,https://trivselsleder.no/stigespill-pa-bakken,full-adresse,2912,game,ja,ja
19390,Tipsliste sosial kompetanse,Rubiks matte,https://trivselsleder.no/rubiks-matte,full-adresse,1685,game,ja,ja
19390,Tipsliste sosial kompetanse,Beveg deg som,https://trivselsleder.no/beveg-deg-som,full-adresse,2272,game,ja,ja
19390,Tipsliste sosial kompetanse,Bevegelsesmemory,https://trivselsleder.no/bevegelsesmemory,full-adresse,1141,game,ja,ja
19390,Tipsliste sosial kompetanse,Indiana Jones,https://trivselsleder.no/indiana-jones,full-adresse,1356,game,ja,ja
19390,Tipsliste sosial kompetanse,Former,https://trivselsleder.no/former,full-adresse,2263,game,ja,ja
19390,Tipsliste sosial kompetanse,High five,https://trivselsleder.no/high-five,full-adresse,10582,game,ja,ja
19390,Tipsliste sosial kompetanse,Dirigenten,https://trivselsleder.no/dirigenten,full-adresse,1260,game,ja,ja
19390,Tipsliste sosial kompetanse,Elgen velger,https://trivselsleder.no/elgen-velger,full-adresse,2271,game,ja,ja
19390,Tipsliste sosial kompetanse,Gjett ordet,https://trivselsleder.no/gjett-ordet,full-adresse,18438,game,ja,ja
19390,Tipsliste sosial kompetanse,Popcorn,https://trivselsleder.no/popcorn,full-adresse,17073,game,ja,ja
19390,Tipsliste sosial kompetanse,Hei! Hello! Hallo!,https://trivselsleder.no/hei-hello-hallo,full-adresse,18397,game,ja,ja
18372,Julekalender 2025 - alle luker med video,"Boom, klapp, snapp",https://trivselsleder.no/boom-klapp-snapp,full-adresse,16579,game,ja,ja
18372,Julekalender 2025 - alle luker med video,Koden,https://trivselsleder.no/koden,full-adresse,9663,game,ja,ja
18372,Julekalender 2025 - alle luker med video,Hei! Hello! Hallo!,https://trivselsleder.no/hei-hello-hallo,full-adresse,18397,game,ja,ja
18372,Julekalender 2025 - alle luker med video,Feil farge!,https://trivselsleder.no/feil-farge,full-adresse,18398,game,ja,ja
18372,Julekalender 2025 - alle luker med video,Hodepine,https://trivselsleder.no/hodepine,full-adresse,18406,game,ja,ja
18372,Julekalender 2025 - alle luker med video,Viskelærsisten,https://trivselsleder.no/viskelaersisten,full-adresse,16775,game,ja,ja
18372,Julekalender 2025 - alle luker med video,Fotsignaturen,https://trivselsleder.no/fotsignaturen,full-adresse,18407,game,ja,ja
18372,Julekalender 2025 - alle luker med video,Popcorn,https://trivselsleder.no/popcorn,full-adresse,17073,game,ja,ja
18372,Julekalender 2025 - alle luker med video,Klappen går,https://trivselsleder.no/klappen-gar,full-adresse,18408,game,ja,ja
18372,Julekalender 2025 - alle luker med video,Kontorpingis,https://trivselsleder.no/kontorpingis,full-adresse,18411,game,ja,ja
18372,Julekalender 2025 - alle luker med video,Lynpennen,https://trivselsleder.no/lynpennen,full-adresse,18413,game,ja,ja
18372,Julekalender 2025 - alle luker med video,Nattduellen,https://trivselsleder.no/nattduellen-0,full-adresse,15373,game,ja,ja
18372,Julekalender 2025 - alle luker med video,Draduellen,https://trivselsleder.no/draduellen,full-adresse,17385,game,ja,ja
18372,Julekalender 2025 - alle luker med video,21 fot,https://trivselsleder.no/21-fot,full-adresse,,finnes_ikke,,nei
18372,Julekalender 2025 - alle luker med video,Klokka 1 minutt,https://trivselsleder.no/klokka-1-minutt,full-adresse,18419,game,ja,ja
18372,Julekalender 2025 - alle luker med video,Tre klapp og spring,https://trivselsleder.no/tre-klapp-og-spring,full-adresse,18433,game,ja,ja
18372,Julekalender 2025 - alle luker med video,Klossen,https://trivselsleder.no/klossen,full-adresse,18434,game,ja,ja
18372,Julekalender 2025 - alle luker med video,"Hi, ha, ho",https://trivselsleder.no/hi-ha-ho,full-adresse,1178,game,ja,ja
18372,Julekalender 2025 - alle luker med video,Sifferdans,https://trivselsleder.no/sifferdans,full-adresse,18436,game,ja,ja
18372,Julekalender 2025 - alle luker med video,Klasseromsoppdrag,https://trivselsleder.no/klasseromsoppdrag,full-adresse,18437,game,ja,ja
18372,Julekalender 2025 - alle luker med video,Gjett ordet,https://trivselsleder.no/gjett-ordet,full-adresse,18438,game,ja,ja
18372,Julekalender 2025 - alle luker med video,Pingvinen,https://trivselsleder.no/pingvinen,full-adresse,18439,game,ja,ja
18372,Julekalender 2025 - alle luker med video,En to tre!,https://trivselsleder.no/en-tre,full-adresse,9662,game,ja,ja
18372,Julekalender 2025 - alle luker med video,Blyantene,https://trivselsleder.no/blyantene,full-adresse,17724,game,ja,ja
16072,Tipsliste til KRØ 1. og 2. trinn,TL-DANS,https://trivselsleder.no/tl-dans,full-adresse,,finnes_ikke,,nei
16072,Tipsliste til KRØ 1. og 2. trinn,Bevegelses-memory,https://trivselsleder.no/bevegelsesmemory,full-adresse,1141,game,ja,ja
16072,Tipsliste til KRØ 1. og 2. trinn,Dansesisten,https://trivselsleder.no/dansesisten,full-adresse,1388,game,ja,ja
16072,Tipsliste til KRØ 1. og 2. trinn,Blinkstafetten,https://trivselsleder.no/blinkstafetten,full-adresse,1045,game,ja,ja
16072,Tipsliste til KRØ 1. og 2. trinn,Oppdraget,https://trivselsleder.no/oppdraget,full-adresse,10173,game,ja,ja
16072,Tipsliste til KRØ 1. og 2. trinn,"Stein, saks, papir-runden",https://trivselsleder.no/stein-saks-papir-runden-1,full-adresse,13661,game,nei,ja
16072,Tipsliste til KRØ 1. og 2. trinn,"Løve, løvetemmer og ballerinadanser",https://trivselsleder.no/love-lovetemmer-og-ballerinadanser,full-adresse,1050,game,ja,ja
16072,Tipsliste til KRØ 1. og 2. trinn,Hinderløype i skolegården,https://trivselsleder.no/friidrettshinderloype-i-skolegarden,full-adresse,1424,game,ja,ja
16072,Tipsliste til KRØ 1. og 2. trinn,Soppball,https://trivselsleder.no/soppball,full-adresse,8858,game,ja,ja
16072,Tipsliste til KRØ 1. og 2. trinn,Befrierne,https://trivselsleder.no/befrierne,full-adresse,10127,game,ja,ja
16072,Tipsliste til KRØ 1. og 2. trinn,"Indiana Jones ""Mini""",https://trivselsleder.no/indiana-jones-mini,full-adresse,13630,game,ja,ja
16072,Tipsliste til KRØ 1. og 2. trinn,Spretten,https://trivselsleder.no/spretten,full-adresse,10137,atlu,ja,ja
16072,Tipsliste til KRØ 1. og 2. trinn,Den forsvunne diamanten,https://trivselsleder.no/den-forsvunne-diamanten,full-adresse,10129,game,ja,ja
16072,Tipsliste til KRØ 1. og 2. trinn,Alle mot alle,https://trivselsleder.no/alle-mot-alle-0,full-adresse,13659,game,ja,ja
16072,Tipsliste til KRØ 1. og 2. trinn,Byggekaos,https://trivselsleder.no/byggekaos,full-adresse,10123,game,ja,ja
16072,Tipsliste til KRØ 1. og 2. trinn,Atomleken,https://trivselsleder.no/atomleken-0,full-adresse,2921,atlu,ja,ja
16072,Tipsliste til KRØ 1. og 2. trinn,Toget går,https://trivselsleder.no/toget-gar,full-adresse,6088,game,ja,ja
16072,Tipsliste til KRØ 1. og 2. trinn,Swipe up and down,https://trivselsleder.no/swipe-and-down,full-adresse,6091,game,ja,ja
16072,Tipsliste til KRØ 1. og 2. trinn,Haukene,https://trivselsleder.no/haukene,full-adresse,8856,game,ja,ja
16073,Tipsliste til KRØ 3. og 4. trinn,TL-DANS,https://trivselsleder.no/tl-dans,full-adresse,,finnes_ikke,,nei
16073,Tipsliste til KRØ 3. og 4. trinn,Alene hjemme,https://trivselsleder.no/alene-hjemme,full-adresse,6093,game,ja,ja
16073,Tipsliste til KRØ 3. og 4. trinn,Bevegelses-bingo,https://trivselsleder.no/bevegelsesbingo,full-adresse,1689,game,ja,ja
16073,Tipsliste til KRØ 3. og 4. trinn,Dansesisten,https://trivselsleder.no/dansesisten,full-adresse,1388,game,ja,ja
16073,Tipsliste til KRØ 3. og 4. trinn,Stjerne-gevinsten,https://trivselsleder.no/stjernegevinsten,full-adresse,10125,game,ja,ja
16073,Tipsliste til KRØ 3. og 4. trinn,Soppball,https://trivselsleder.no/soppball,full-adresse,8858,game,ja,ja
16073,Tipsliste til KRØ 3. og 4. trinn,Bil og garasje,https://trivselsleder.no/bil-og-garasje,full-adresse,1040,game,ja,ja
16073,Tipsliste til KRØ 3. og 4. trinn,Oppdraget,https://trivselsleder.no/oppdraget,full-adresse,10173,game,ja,ja
16073,Tipsliste til KRØ 3. og 4. trinn,Brennende lavastein,https://trivselsleder.no/brennende-lavastein,full-adresse,1135,game,ja,ja
16073,Tipsliste til KRØ 3. og 4. trinn,"Indiana Jones ""Mini""",https://trivselsleder.no/indiana-jones-mini,full-adresse,13630,game,ja,ja
16073,Tipsliste til KRØ 3. og 4. trinn,Klokka,https://trivselsleder.no/klokka-klokken,full-adresse,13632,game,ja,ja
16073,Tipsliste til KRØ 3. og 4. trinn,Levende fotballmål,https://trivselsleder.no/levende-fotballmal,full-adresse,14738,game,ja,ja
16073,Tipsliste til KRØ 3. og 4. trinn,Treeren,https://trivselsleder.no/treeren,full-adresse,13634,game,ja,ja
16073,Tipsliste til KRØ 3. og 4. trinn,Jaktlag,https://trivselsleder.no/jaktlag,full-adresse,8857,game,ja,ja
16073,Tipsliste til KRØ 3. og 4. trinn,Supermusa,https://trivselsleder.no/supermusa,full-adresse,13623,game,ja,ja
16073,Tipsliste til KRØ 3. og 4. trinn,Da Vinci-koden - geometriske figurer,https://trivselsleder.no/da-vinci-koden-geometriske-figurer,full-adresse,2947,atlu,ja,ja
16073,Tipsliste til KRØ 3. og 4. trinn,Atomleken,https://trivselsleder.no/atomleken-0,full-adresse,2921,atlu,ja,ja
16073,Tipsliste til KRØ 3. og 4. trinn,Sjiraffen,https://trivselsleder.no/sjiraffen,full-adresse,1054,game,ja,ja
16073,Tipsliste til KRØ 3. og 4. trinn,Alle som..,https://trivselsleder.no/alle-som,full-adresse,1431,game,ja,ja
20030,Kursmodul høst 2026,Minuttball,https://trivselsleder.no/minuttball-0,full-adresse,20063,game,ja,ja
20030,Kursmodul høst 2026,Slottstriden,https://trivselsleder.no/slottstriden,full-adresse,20064,game,ja,ja
20030,Kursmodul høst 2026,Sirkelsprett,https://trivselsleder.no/sirkelsprett,full-adresse,20065,game,ja,ja
20030,Kursmodul høst 2026,Bikuben,https://trivselsleder.no/bikuben,full-adresse,20066,game,ja,ja
20030,Kursmodul høst 2026,Flyvende farger,https://trivselsleder.no/flyvende-farger-0,full-adresse,20067,game,ja,ja
20030,Kursmodul høst 2026,Krokodille- og myggsisten,https://trivselsleder.no/krokodille-og-myggsisten,full-adresse,20068,game,ja,ja
20030,Kursmodul høst 2026,Pingvin og pelikan,https://trivselsleder.no/pingvin-og-pelikan,full-adresse,20069,game,ja,ja
20030,Kursmodul høst 2026,Boccia-bowling,https://trivselsleder.no/boccia-bowling-0,full-adresse,20070,game,ja,ja
20030,Kursmodul høst 2026,Signalet,https://trivselsleder.no/signalet-0,full-adresse,20071,game,ja,ja
20030,Kursmodul høst 2026,"Stein, saks, papir - runden",https://trivselsleder.no/stein-saks-papir-runden-0,full-adresse,20072,game,ja,ja
20030,Kursmodul høst 2026,Moonball Challenge,https://trivselsleder.no/moonball-challenge-0,full-adresse,20073,game,ja,ja
20030,Kursmodul høst 2026,Moonball - sprett og fang,https://trivselsleder.no/moonball-sprett-og-fang,full-adresse,20074,game,ja,ja
20030,Kursmodul høst 2026,Moonball - kast og fang,https://trivselsleder.no/moonball-kast-og-fang,full-adresse,20075,game,ja,ja
20030,Kursmodul høst 2026,Steinen bak ryggen,https://trivselsleder.no/steinen-bak-ryggen,full-adresse,1248,game,ja,ja
20030,Kursmodul høst 2026,Clap Trap,https://trivselsleder.no/clap-trap,full-adresse,20076,game,ja,ja
20030,Kursmodul høst 2026,Rytmerebellen,https://trivselsleder.no/rytmerebellen,full-adresse,20077,game,ja,ja
20030,Kursmodul høst 2026,Brettspill - telling/mengder,https://trivselsleder.no/brettspill-tellingmengder-0,full-adresse,19818,atlu,ja,ja
20030,Kursmodul høst 2026,Brettspill - koordinater,https://trivselsleder.no/brettspill-koordinater-0,full-adresse,19816,atlu,ja,ja
20030,Kursmodul høst 2026,alla_norska_lekar_new.mp4,/file/allanorskalekarnewmp4,pen-adresse,,finnes_ikke,,nei
15510,Tipsliste til FYSAK,Spagaten,https://trivselsleder.no/spagaten-0,full-adresse,,finnes_ikke,,nei
15510,Tipsliste til FYSAK,Befrierne,https://trivselsleder.no/befrierne,full-adresse,10127,game,ja,ja
15510,Tipsliste til FYSAK,Touche fot,https://trivselsleder.no/touche-fot,full-adresse,6146,game,ja,ja
15510,Tipsliste til FYSAK,Kjeglevinnerne,https://trivselsleder.no/kjeglevinnerne,full-adresse,10126,game,ja,ja
15510,Tipsliste til FYSAK,Dyrene i Afrika,https://trivselsleder.no/dyrene-i-afrika,full-adresse,6006,game,ja,ja
15510,Tipsliste til FYSAK,Lærerne knuser kidsa,https://trivselsleder.no/laererne-knuser-kidsa,full-adresse,1051,game,ja,ja
15510,Tipsliste til FYSAK,Fire lys,https://trivselsleder.no/fire-lys,full-adresse,1076,game,ja,ja
15510,Tipsliste til FYSAK,Soppball,https://trivselsleder.no/soppball,full-adresse,8858,game,ja,ja
15510,Tipsliste til FYSAK,TL-dans,https://trivselsleder.no/tl-dans,full-adresse,,finnes_ikke,,nei
15510,Tipsliste til FYSAK,Gamechanger,https://trivselsleder.no/gamechanger,full-adresse,13658,game,ja,ja
15510,Tipsliste til FYSAK,Heia Heidi,https://trivselsleder.no/heia-heidi,full-adresse,1064,game,ja,ja
15510,Tipsliste til FYSAK,Oppdraget,https://trivselsleder.no/oppdraget,full-adresse,10173,game,ja,ja
15510,Tipsliste til FYSAK,Dyreparken,https://trivselsleder.no/dyreparken,full-adresse,3934,game,ja,ja
15510,Tipsliste til FYSAK,Bil og garasje,https://trivselsleder.no/bil-og-garasje,full-adresse,1040,game,ja,ja
15510,Tipsliste til FYSAK,"Hi, Ha, Ho",https://trivselsleder.no/hi-ha-ho,full-adresse,1178,game,ja,ja
15510,Tipsliste til FYSAK,Gladiatorene,https://trivselsleder.no/gladiatorene,full-adresse,1066,game,ja,ja
15510,Tipsliste til FYSAK,Dyrene skriker,https://trivselsleder.no/dyrene-skriker,full-adresse,1138,game,ja,ja
15510,Tipsliste til FYSAK,Ballfangeren,https://trivselsleder.no/ballfangeren,full-adresse,1198,game,ja,ja
16074,"Tipsliste til KRØ 5., 6. og 7. trinn",Ertekopp,https://trivselsleder.no/ertekopp,full-adresse,8863,game,ja,ja
16074,"Tipsliste til KRØ 5., 6. og 7. trinn",25-leken: Kropp og helse,https://trivselsleder.no/25-leken-om-kropp-og-helse-0,full-adresse,,finnes_ikke,,nei
16074,"Tipsliste til KRØ 5., 6. og 7. trinn",Ballfangeren,https://trivselsleder.no/ballfangeren,full-adresse,1198,game,ja,ja
16074,"Tipsliste til KRØ 5., 6. og 7. trinn",Hvilket land?,https://trivselsleder.no/hvilket-land,full-adresse,2995,atlu,ja,ja
16074,"Tipsliste til KRØ 5., 6. og 7. trinn",Hoppetau/ svingtau,https://trivselsleder.no/hoppetausvingtau,full-adresse,2711,game,ja,ja
16074,"Tipsliste til KRØ 5., 6. og 7. trinn",StreetRacket - Veggen,https://trivselsleder.no/streetracket-veggen,full-adresse,8866,game,ja,ja
16074,"Tipsliste til KRØ 5., 6. og 7. trinn",Dance monkey,https://trivselsleder.no/dance-monkey,full-adresse,3940,game,ja,ja
16074,"Tipsliste til KRØ 5., 6. og 7. trinn",TL-DANS,https://trivselsleder.no/tl-dans,full-adresse,,finnes_ikke,,nei
16074,"Tipsliste til KRØ 5., 6. og 7. trinn",Oppdraget,https://trivselsleder.no/oppdraget,full-adresse,10173,game,ja,ja
16074,"Tipsliste til KRØ 5., 6. og 7. trinn",15-leken,https://trivselsleder.no/15-leken,full-adresse,1093,game,ja,ja
16074,"Tipsliste til KRØ 5., 6. og 7. trinn",Chewbacca,https://trivselsleder.no/chewbacca,full-adresse,1184,game,ja,ja
16074,"Tipsliste til KRØ 5., 6. og 7. trinn",Gladiatorene,https://trivselsleder.no/gladiatorene,full-adresse,1066,game,ja,ja
16074,"Tipsliste til KRØ 5., 6. og 7. trinn",Gamechanger,https://trivselsleder.no/gamechanger,full-adresse,13658,game,ja,ja
16074,"Tipsliste til KRØ 5., 6. og 7. trinn",Masterball med frisbee,https://trivselsleder.no/masterball-med-frisbee,full-adresse,13629,game,ja,ja
16074,"Tipsliste til KRØ 5., 6. og 7. trinn",Flip out,https://trivselsleder.no/flip-out,full-adresse,8853,game,ja,ja
16074,"Tipsliste til KRØ 5., 6. og 7. trinn",Flyvende tallerken,https://trivselsleder.no/flyvende-tallerken,full-adresse,13655,game,ja,ja
16074,"Tipsliste til KRØ 5., 6. og 7. trinn",Larven,https://trivselsleder.no/larven,full-adresse,5138,game,ja,ja
16074,"Tipsliste til KRØ 5., 6. og 7. trinn",Limbo,https://trivselsleder.no/limbo,full-adresse,1393,game,ja,ja
18822,.Kursmodul vinter 2026,Tail Tag,https://trivselsleder.no/tail-tag,full-adresse,1133,game,ja,ja
18822,.Kursmodul vinter 2026,Stokk eller stein,https://trivselsleder.no/stokk-eller-stein,full-adresse,2737,game,ja,ja
18822,.Kursmodul vinter 2026,Jumbojageren,https://trivselsleder.no/jumbojageren,full-adresse,18840,game,ja,ja
18822,.Kursmodul vinter 2026,Tvert om,https://trivselsleder.no/tvert-om,full-adresse,1687,game,ja,ja
18822,.Kursmodul vinter 2026,"Kjempe, trollmann og drage",https://trivselsleder.no/kjempe-trollmann-og-drage,full-adresse,18841,game,ja,ja
18822,.Kursmodul vinter 2026,Byggeracet,https://trivselsleder.no/byggeracet,full-adresse,18842,game,ja,ja
18822,.Kursmodul vinter 2026,Vend pannekaken,https://trivselsleder.no/vend-pannekaken,full-adresse,18843,game,ja,ja
18822,.Kursmodul vinter 2026,Koralljakten,https://trivselsleder.no/koralljakten,full-adresse,3200,game,ja,ja
18822,.Kursmodul vinter 2026,Brennende lavastein,https://trivselsleder.no/brennende-lavastein,full-adresse,1135,game,ja,ja
18822,.Kursmodul vinter 2026,Butterflynett,https://trivselsleder.no/butterflynett,full-adresse,1255,game,ja,ja
18822,.Kursmodul vinter 2026,Rekkefølgen - stafett,https://trivselsleder.no/rekkefolgen-stafett,full-adresse,17508,atlu,ja,ja
18822,.Kursmodul vinter 2026,Rekkefølgen - duell,https://trivselsleder.no/rekkefolgen-duell,full-adresse,18844,game,ja,ja
18822,.Kursmodul vinter 2026,Touchball,https://trivselsleder.no/touchball,full-adresse,1691,game,ja,ja
18822,.Kursmodul vinter 2026,Feil farge,https://trivselsleder.no/feil-farge,full-adresse,18398,game,ja,ja
18822,.Kursmodul vinter 2026,Draduellen,https://trivselsleder.no/draduellen,full-adresse,17385,game,ja,ja
18822,.Kursmodul vinter 2026,Tre klapp og spring,https://trivselsleder.no/tre-klapp-og-spring,full-adresse,18433,game,ja,ja
18822,.Kursmodul vinter 2026,21,https://trivselsleder.no/21,full-adresse,3939,game,ja,ja
18822,.Kursmodul vinter 2026,alla_lekar_no_500mb.mp4,/file/allalekarno500mbmp4,pen-adresse,,finnes_ikke,,nei
17734,Kursmodul høst 2025,Ballfangeren,https://trivselsleder.no/ballfangeren,full-adresse,1198,game,ja,ja
17734,Kursmodul høst 2025,Bytt hus,https://trivselsleder.no/bytt-hus,full-adresse,17746,game,ja,ja
17734,Kursmodul høst 2025,Erobreren,https://trivselsleder.no/erobreren,full-adresse,1119,game,ja,ja
17734,Kursmodul høst 2025,Amøbe,https://trivselsleder.no/amobe,full-adresse,1165,game,ja,ja
17734,Kursmodul høst 2025,KIN-ball-sisten,https://trivselsleder.no/kin-ball-sisten,full-adresse,17748,game,ja,ja
17734,Kursmodul høst 2025,Siste paret ut,https://trivselsleder.no/siste-paret-ut,full-adresse,1452,game,ja,ja
17734,Kursmodul høst 2025,Skip o´hai,https://trivselsleder.no/skip-o-hai,full-adresse,1181,game,ja,ja
17734,Kursmodul høst 2025,Speed Stacks,https://trivselsleder.no/speed-stacks,full-adresse,4497,game,ja,ja
17734,Kursmodul høst 2025,Speed Stacks stafett,https://trivselsleder.no/speed-stacks-stafett,full-adresse,17749,game,ja,ja
17734,Kursmodul høst 2025,Pirates of the Caribbean,https://trivselsleder.no/pirates-caribbean,full-adresse,1688,game,ja,ja
17734,Kursmodul høst 2025,Tyv og politi,https://trivselsleder.no/tyv-og-politi,full-adresse,17729,game,ja,ja
17734,Kursmodul høst 2025,Nummerleken,https://trivselsleder.no/nummerleken,full-adresse,1693,game,ja,ja
17734,Kursmodul høst 2025,Klapperingen,https://trivselsleder.no/klapperingen,full-adresse,17095,game,ja,ja
17734,Kursmodul høst 2025,Hep Hey,https://trivselsleder.no/hep-hey-ord-pa-bokstaven,full-adresse,4026,atlu,ja,ja
17734,Kursmodul høst 2025,host_2025_-_alla_norska_filmer.mp4,/file/host2025-allanorskafilmermp4,pen-adresse,,finnes_ikke,,nei
16190,Kursmodul vinter 2025,Fargeduellen,https://trivselsleder.no/fargeduellen-0,full-adresse,1134,game,ja,ja
16190,Kursmodul vinter 2025,Fire lys,https://trivselsleder.no/fire-lys-0,full-adresse,15355,game,ja,ja
16190,Kursmodul vinter 2025,Selfiesisten,https://trivselsleder.no/selfiesisten,full-adresse,16213,game,ja,ja
16190,Kursmodul vinter 2025,Jungelfotball,https://trivselsleder.no/jungelfotball,full-adresse,1328,game,ja,ja
16190,Kursmodul vinter 2025,Yoshi,https://trivselsleder.no/yoshi,full-adresse,1058,game,ja,ja
16190,Kursmodul vinter 2025,Sjiraffen,https://trivselsleder.no/sjiraffen,full-adresse,1054,game,ja,ja
16190,Kursmodul vinter 2025,Kuslippet,https://trivselsleder.no/kuslippet,full-adresse,16214,game,ja,ja
16190,Kursmodul vinter 2025,Alene hjemme,https://trivselsleder.no/alene-hjemme,full-adresse,6093,game,ja,ja
16190,Kursmodul vinter 2025,Cowboyen,https://trivselsleder.no/cowboyen,full-adresse,1100,game,ja,ja
16190,Kursmodul vinter 2025,Superking,https://trivselsleder.no/superking,full-adresse,1311,game,ja,ja
16190,Kursmodul vinter 2025,Harry Potter,https://trivselsleder.no/harry-potter,full-adresse,1150,game,ja,ja
16190,Kursmodul vinter 2025,Elgen velger (Move It),https://trivselsleder.no/elgen-velger,full-adresse,2271,game,ja,ja
16190,Kursmodul vinter 2025,Samlerne (aktiv læring),https://trivselsleder.no/samlerne-0,full-adresse,16215,atlu,ja,ja
16190,Kursmodul vinter 2025,oppdatert_og_komprimert.mp4,/file/oppdatertogkomprimertmp4,pen-adresse,,finnes_ikke,,nei
16203,Månedens leker 2025,Alene hjemme,https://trivselsleder.no/alene-hjemme,full-adresse,6093,game,ja,ja
16203,Månedens leker 2025,Selfiesisten,https://trivselsleder.no/selfiesisten,full-adresse,16213,game,ja,ja
16203,Månedens leker 2025,Yoshi,https://trivselsleder.no/yoshi,full-adresse,1058,game,ja,ja
16203,Månedens leker 2025,Kuslippet,https://trivselsleder.no/kuslippet,full-adresse,16214,game,ja,ja
16203,Månedens leker 2025,Superking,https://trivselsleder.no/superking,full-adresse,1311,game,ja,ja
16203,Månedens leker 2025,Harry Potter,https://trivselsleder.no/harry-potter,full-adresse,1150,game,ja,ja
16203,Månedens leker 2025,Cowboyen,https://trivselsleder.no/cowboyen,full-adresse,1100,game,ja,ja
16203,Månedens leker 2025,Skip o´ Hai,https://trivselsleder.no/skip-o-hai,full-adresse,1181,game,ja,ja
16203,Månedens leker 2025,Speed Stacks,https://trivselsleder.no/speed-stacks,full-adresse,4497,game,ja,ja
16203,Månedens leker 2025,Tyv og politi,https://trivselsleder.no/tyv-og-politi,full-adresse,17729,game,ja,ja
16203,Månedens leker 2025,Erobreren,https://trivselsleder.no/erobreren,full-adresse,1119,game,ja,ja
16203,Månedens leker 2025,Snøballen,https://trivselsleder.no/snoballen,full-adresse,17728,game,ja,ja
16203,Månedens leker 2025,Instagram,https://www.instagram.com/trivselsleder_tl/,ekstern,,ekstern,,nei
16212,Månedens Move it 2025,Elgen velger,https://trivselsleder.no/elgen-velger,full-adresse,2271,game,ja,ja
16212,Månedens Move it 2025,En to tre,https://trivselsleder.no/en-tre,full-adresse,9662,game,ja,ja
16212,Månedens Move it 2025,Hanen er løs,https://trivselsleder.no/hanen-er-los,full-adresse,16486,game,ja,ja
16212,Månedens Move it 2025,Klasseromsforflytning,https://trivselsleder.no/klasseromsforflytning,full-adresse,16488,game,ja,ja
16212,Månedens Move it 2025,Håndtrykk,https://trivselsleder.no/handtrykk,full-adresse,16489,game,ja,ja
16212,Månedens Move it 2025,Fire lys,https://trivselsleder.no/fire-lys,full-adresse,1076,game,ja,ja
16212,Månedens Move it 2025,7 min workout,https://trivselsleder.no/7-min-workout,full-adresse,2279,game,ja,ja
16212,Månedens Move it 2025,Klapperingen,https://trivselsleder.no/klapperingen,full-adresse,17095,game,ja,ja
16212,Månedens Move it 2025,Popcorn,https://trivselsleder.no/popcorn-0,full-adresse,,finnes_ikke,,nei
16212,Månedens Move it 2025,Blyantene,https://trivselsleder.no/blyantene,full-adresse,17724,game,ja,ja
16212,Månedens Move it 2025,Storm i klasserommet,https://trivselsleder.no/storm-i-klasserommet,full-adresse,17128,game,ja,ja
16212,Månedens Move it 2025,Følg Lucia,https://trivselsleder.no/folg-lucia,full-adresse,17725,game,ja,ja
16212,Månedens Move it 2025,Instagram,https://www.instagram.com/trivselsleder_tl/,ekstern,,ekstern,,nei
18885,Månedens leker 2026,Butterflynett,https://trivselsleder.no/butterflynett,full-adresse,1255,game,ja,ja
18885,Månedens leker 2026,Tail Tag,https://trivselsleder.no/tail-tag,full-adresse,1133,game,ja,ja
18885,Månedens leker 2026,Jumbojageren,https://trivselsleder.no/jumbojageren,full-adresse,18840,game,ja,ja
18885,Månedens leker 2026,Ved pannekaken,https://trivselsleder.no/vend-pannekaken,full-adresse,18843,game,ja,ja
18885,Månedens leker 2026,Touchball,https://trivselsleder.no/touchball,full-adresse,1691,game,ja,ja
18885,Månedens leker 2026,Brennende lavastein,https://trivselsleder.no/brennende-lavastein,full-adresse,1135,game,ja,ja
18885,Månedens leker 2026,Koralljakten,https://trivselsleder.no/koralljakten,full-adresse,3200,game,ja,ja
18885,Månedens leker 2026,Bikuben,https://trivselsleder.no/bikuben,full-adresse,20066,game,ja,ja
18885,Månedens leker 2026,Krokodille- og myggsisten,https://trivselsleder.no/krokodille-og-myggsisten,full-adresse,20068,game,ja,ja
18885,Månedens leker 2026,Pingvin og pelikan,https://trivselsleder.no/pingvin-og-pelikan,full-adresse,20069,game,ja,ja
18885,Månedens leker 2026,Signalet,https://trivselsleder.no/signalet-0,full-adresse,20071,game,ja,ja
18885,Månedens leker 2026,Boccia-bowling,https://trivselsleder.no/boccia-bowling-0,full-adresse,20070,game,ja,ja
18885,Månedens leker 2026,Instagram,https://www.instagram.com/trivselsleder_tl/,ekstern,,ekstern,,nei
18886,Månedens Move it 2026,21,https://trivselsleder.no/21,full-adresse,3939,game,ja,ja
18886,Månedens Move it 2026,Hodepine,https://trivselsleder.no/hodepine,full-adresse,18406,game,ja,ja
18886,Månedens Move it 2026,Viskelærsisten,https://trivselsleder.no/viskelaersisten,full-adresse,16775,game,ja,ja
18886,Månedens Move it 2026,Klappen går,https://trivselsleder.no/klappen-gar,full-adresse,18408,game,ja,ja
18886,Månedens Move it 2026,Klossen,https://trivselsleder.no/klossen,full-adresse,18434,game,ja,ja
18886,Månedens Move it 2026,Pingvinen,https://trivselsleder.no/pingvinen,full-adresse,18439,game,ja,ja
18886,Månedens Move it 2026,Gjett ordet,https://trivselsleder.no/gjett-ordet,full-adresse,18438,game,ja,ja
18886,Månedens Move it 2026,Clap Trap,https://trivselsleder.no/clap-trap,full-adresse,20076,game,ja,ja
18886,Månedens Move it 2026,Steinen bak ryggen,https://trivselsleder.no/steinen-bak-ryggen,full-adresse,1248,game,ja,ja
18886,Månedens Move it 2026,Først på steinen,https://trivselsleder.no/forst-pa-steinen,full-adresse,3888,game,ja,ja
18886,Månedens Move it 2026,Rytmerebellen,https://trivselsleder.no/rytmerebellen,full-adresse,20077,game,ja,ja
18886,Månedens Move it 2026,Instagram,https://www.instagram.com/trivselsleder_tl/,ekstern,,ekstern,,nei
18884,Månedens utfordringer 2026,Tre klapp og spring,https://trivselsleder.no/tre-klapp-og-spring,full-adresse,18433,game,ja,ja
18884,Månedens utfordringer 2026,Speedstackmønsteret,https://trivselsleder.no/speedstackmonsteret,full-adresse,18895,game,ja,ja
18884,Månedens utfordringer 2026,Feil farge,https://trivselsleder.no/feil-farge,full-adresse,18398,game,ja,ja
18884,Månedens utfordringer 2026,Ball i kopp,https://trivselsleder.no/ball-i-kopp,full-adresse,17388,game,ja,ja
18884,Månedens utfordringer 2026,Ball i hatt,https://trivselsleder.no/ball-i-hatt,full-adresse,18896,game,ja,ja
18884,Månedens utfordringer 2026,Klinkekule i bok,https://trivselsleder.no/klinkekule-i-bok,full-adresse,18897,game,ja,ja
18884,Månedens utfordringer 2026,Snurre rockeringen,https://trivselsleder.no/snurre-rockeringen,full-adresse,18898,game,ja,ja
18884,Månedens utfordringer 2026,Moonball - sprett og fang,https://trivselsleder.no/moonball-sprett-og-fang,full-adresse,20074,game,ja,ja
18884,Månedens utfordringer 2026,Moonball - kast og fang,https://trivselsleder.no/moonball-kast-og-fang,full-adresse,20075,game,ja,ja
18884,Månedens utfordringer 2026,Instagram,https://www.instagram.com/trivselsleder_tl/,ekstern,,ekstern,,nei
19697,Tipslister,Favoritter,https://trivselsleder.no/tipsliste-favorittleker,full-adresse,19389,game,ja,ja
19697,Tipslister,Fysak,https://trivselsleder.no/tipsliste-til-fysak,full-adresse,15510,game,ja,ja
19697,Tipslister,SFO/AKS,https://trivselsleder.no/tipsliste-til-sfoaks,full-adresse,15468,game,ja,ja
19697,Tipslister,Sosial kompetanse,https://trivselsleder.no/tipsliste-sosial-kompetanse,full-adresse,19390,game,ja,ja
19697,Tipslister,TL-Mester,https://trivselsleder.no/tipsliste-tl-mester,full-adresse,16291,game,ja,ja
19697,Tipslister,Leker for 100+ elever,https://trivselsleder.no/tipsliste-leker-100-elever,full-adresse,19696,game,ja,ja
19697,Tipslister,1. og 2. trinn,https://trivselsleder.no/tipsliste-til-kro-1-og-2-trinn,full-adresse,16072,game,ja,ja
19697,Tipslister,3. og 4 trinn,https://trivselsleder.no/tipsliste-til-kro-3-og-4-trinn,full-adresse,16073,game,ja,ja
19697,Tipslister,5.-7. trinn,https://trivselsleder.no/tipsliste-til-kro-5-6-og-7-trinn,full-adresse,16074,game,ja,ja
17721,Månedens utfordringer 2025,Kontroll på ballen,https://trivselsleder.no/kontroll-pa-ballen,full-adresse,17726,game,ja,ja
17721,Månedens utfordringer 2025,Flytt koppene,https://trivselsleder.no/flytt-koppene,full-adresse,17383,game,ja,ja
17721,Månedens utfordringer 2025,Fange markeringstallerkenen,https://trivselsleder.no/fang-markeringstallerkenen,full-adresse,17386,game,ja,ja
17721,Månedens utfordringer 2025,Draduellen,https://trivselsleder.no/draduellen,full-adresse,17385,game,ja,ja
17721,Månedens utfordringer 2025,High Five - God jul,https://trivselsleder.no/high-five-god-jul,full-adresse,17727,game,ja,ja
17721,Månedens utfordringer 2025,Instagram,https://www.instagram.com/trivselsleder_tl/,ekstern,,ekstern,,nei
