nid,tittel,nodetype,moveit_underkategorier,alle_kategorier,har_video_flag,har_video_embed,antall_markor,utstyr,tl_mester,publisert
2281,100 om dagen!,game,Utføres alene,Utføres alene,ja,ja,ja,Uten utstyr,,1
3939,21,game,Utføres parvis,Utføres parvis,ja,ja,nei,,,1
2279,7 min workout,game,Utføres alene,Utføres alene,nei,nei,ja,Uten utstyr,,1
3688,ABC-123,game,Utføres alene,Utføres alene,ja,ja,ja,Uten utstyr,,1
3932,Aktivitetssirkel,game,Utføres alene,Utføres alene,nei,ja,nei,Uten utstyr,,1
1139,Atomer og molekyler,game,Utføres i gruppe,Utføres i gruppe,nei,nei,ja,Markeringstallerkener,,1
1433,Atomleken,game,Utføres i gruppe,Utføres i gruppe,ja,ja,ja,Uten utstyr,,1
2272,Beveg deg som,game,Utføres i gruppe,Utføres i gruppe,nei,nei,ja,Uten utstyr,,1
2275,Bevegelsesalfabetet,game,Utføres alene,Utføres alene,ja,ja,ja,Uten utstyr,,1
8872,Bevegelsesserie,game,Utføres i gruppe,Utføres i gruppe,ja,ja,ja,Uten utstyr,,1
17724,Blyantene,game,Utføres alene,Utføres alene,ja,ja,nei,Blyanter,,1
16579,"Boom, klapp, snapp",game,Utføres parvis,Utføres parvis,ja,ja,ja,,,1
20076,Clap Trap,game,Move It,Move It,ja,ja,nei,Uten utstyr,,1
13635,Den flyvende pennen,game,Utføres i gruppe,Utføres i gruppe,ja,ja,ja,Penner,,1
2280,Den usynlige dansematten,game,Utføres i gruppe,Utføres i gruppe,nei,nei,ja,Uten utstyr,,1
1441,Det forbudte tall,game,Utføres i gruppe,Utføres i gruppe,nei,nei,ja,Uten utstyr,,1
9661,Det magiske tallet,game,Utføres parvis,Utføres parvis,nei,nei,ja,Uten utstyr,,1
1260,Dirigenten,game,Utføres i gruppe,Utføres i gruppe,nei,nei,ja,Uten utstyr,,1
6006,Dyrene i Afrika,game,Utføres i gruppe,Utføres i gruppe,ja,ja,ja,Uten utstyr,,1
1138,Dyrene skriker,game,Utføres i gruppe,Utføres i gruppe,ja,ja,ja,Uten utstyr,,1
3934,Dyreparken,game,Utføres i gruppe,Utføres i gruppe,ja,ja,ja,Uten utstyr,,1
2271,Elgen velger,game,Utføres i gruppe,Utføres i gruppe,ja,ja,ja,Uten utstyr,,1
9662,En to tre!,game,Utføres parvis,Utføres parvis,ja,ja,nei,Uten utstyr,,1
2468,Enarmet Banditt,game,Utføres i gruppe,Utføres i gruppe,ja,ja,ja,Uten utstyr,,1
16227,Erteposerekorden,game,Utføres i gruppe,Utføres i gruppe,nei,ja,nei,Ertepose,,1
2264,Fange finger,game,Utføres i gruppe,Utføres i gruppe,ja,ja,ja,Uten utstyr,,1
18398,Feil farge,game,Utføres parvis,Utføres parvis,ja,ja,ja,,,1
2277,Felles krefter,game,Utføres parvis,Utføres parvis,ja,ja,ja,Uten utstyr,,1
16714,Fingerleken ,game,Kropp og hjerne,Kropp og hjerne,ja,ja,nei,,,1
10135,Finn en feil!,game,Utføres i gruppe,Utføres i gruppe,ja,ja,ja,Uten utstyr,,1
1076,Fire lys,game,Utføres i gruppe,Utføres i gruppe,ja,ja,ja,Markeringskjegler | Uten utstyr,,1
1446,Flasketuten peker på,game,Utføres i gruppe,Utføres i gruppe,nei,nei,ja,Flasker,,1
2263,Former,game,Utføres i gruppe,Utføres i gruppe,nei,nei,ja,Uten utstyr,,1
16715,Fot 9-eren ,game,Kropp og hjerne,Kropp og hjerne,ja,ja,nei,,,1
18407,Fotsignaturen,game,Utføres alene,Utføres alene,ja,ja,nei,,,1
16964,Frys,game,Utføres i gruppe,Utføres i gruppe,nei,nei,nei,Uten utstyr,,1
17725,Følg Lucia,game,Utføres i gruppe,Utføres i gruppe,nei,nei,ja,,,1
7392,Først på kortet,game,Utføres i gruppe,Utføres i gruppe,ja,ja,ja,Kortstokk,tekst,1
3888,Først på steinen,game,Utføres i gruppe,Utføres i gruppe,ja,ja,ja,Uten utstyr,,1
3936,Først til 50,game,Utføres i gruppe,Utføres i gruppe,ja,ja,ja,Uten utstyr,,1
18438,Gjett ordet,game,Utføres parvis,Utføres parvis,ja,ja,nei,,,1
3935,Gjett sporten,game,Utføres i gruppe,Utføres i gruppe,ja,ja,ja,Uten utstyr,,1
1449,Haha!,game,Utføres i gruppe,Utføres i gruppe,nei,nei,ja,Uten utstyr,,1
16486,Hanen er løs,game,Utføres i gruppe,Utføres i gruppe,nei,nei,ja,Minikjegler,,1
17166,Happy Family,game,Utføres i gruppe,Utføres i gruppe,nei,nei,nei,Uten utstyr,,1
4177,Hei på deg,game,Utføres parvis,Utføres parvis,ja,ja,ja,Uten utstyr,,1
18397,Hei! Hello! Hallo!,game,Utføres i gruppe,Utføres i gruppe,ja,ja,nei,,,1
1064,Heia Heidi,game,Utføres i gruppe,Utføres i gruppe,ja,ja,ja,Uten utstyr,,1
2270,Hermegåsa,game,Utføres parvis,Utføres parvis,nei,nei,ja,Uten utstyr,,1
1178,"Hi, ha, ho",game,Utføres i gruppe,Utføres i gruppe,ja,ja,ja,Uten utstyr,,1
10582,High five,game,Utføres parvis,Utføres parvis,ja,ja,ja,Uten utstyr,,1
16716,Hjulet ,game,Kropp og hjerne,Kropp og hjerne,ja,ja,nei,,,1
16717,Hode og mage ,game,Kropp og hjerne,Kropp og hjerne,ja,ja,nei,,,1
18406,Hodepine,game,Utføres alene,Utføres alene,ja,ja,nei,,,1
2274,Hopp inn - hopp ut,game,Utføres i gruppe,Utføres i gruppe,ja,ja,ja,Uten utstyr,,1
8871,Hopp med kropp,game,Utføres parvis,Utføres parvis,ja,ja,ja,Uten utstyr,,1
12388,Hoppeduellen!,game,Utføres parvis,Utføres parvis,ja,ja,ja,,,1
1397,Hviskeleken,game,Utføres i gruppe,Utføres i gruppe,nei,nei,ja,Uten utstyr,,1
16489,Håndtrykk,game,Utføres i gruppe,Utføres i gruppe,nei,nei,ja,,,1
1450,"Ikke smile ikke le, ikke vise tennene, 1, 2, 3!",game,Utføres i gruppe,Utføres i gruppe,nei,nei,ja,Uten utstyr,,1
1092,Inn til midten,game,Utføres i gruppe,Utføres i gruppe,ja,ja,ja,Tilleggsmateriale | Uten utstyr,,1
2276,Jeg også,game,Utføres i gruppe,Utføres i gruppe,nei,nei,ja,Uten utstyr,,1
2282,Just dance,game,Utføres i gruppe,Utføres i gruppe,ja,ja,ja,Uten utstyr,,1
17190,Kast og bøy,game,Utføres i gruppe,Utføres i gruppe,nei,nei,ja,Terning | Skumterning,,1
1453,Katt og mus,game,Utføres i gruppe,Utføres i gruppe,nei,nei,ja,Uten utstyr,,1
6147,"Kick, open, side to side",game,Utføres parvis,Utføres parvis,ja,ja,ja,Uten utstyr,,1
2266,Kikkertsisten,game,Utføres i gruppe,Utføres i gruppe,nei,nei,ja,Uten utstyr,,1
13657,Kjegleduellen,game,Utføres parvis,Utføres parvis,ja,ja,ja,Markeringskjegler | Uten utstyr,,1
1267,Kjøttbein,game,Utføres i gruppe,Utføres i gruppe,nei,nei,ja,Erteposer | Uten utstyr,,1
18408,Klappen går,game,Utføres i gruppe,Utføres i gruppe,ja,ja,nei,,,1
17095,Klapperingen,game,Utføres i gruppe,Utføres i gruppe,ja,ja,ja,Uten utstyr,,1
16488,Klasseromsforflytning,game,Utføres i gruppe,Utføres i gruppe,nei,nei,ja,,,1
18437,Klasseromsoppdrag,game,Utføres alene,Utføres alene,ja,ja,nei,,,1
18419,Klokka 1 minutt,game,Utføres i gruppe,Utføres i gruppe,ja,ja,nei,,,1
18434,Klossen,game,Utføres parvis,Utføres parvis,ja,ja,ja,,,1
1456,Knute på tråden,game,Utføres i gruppe,Utføres i gruppe,nei,nei,ja,Uten utstyr,,1
1455,Knutemor,game,Utføres i gruppe,Utføres i gruppe,nei,nei,ja,Uten utstyr,,1
3689,Knyttneve high five ,game,Utføres parvis,Utføres parvis,ja,ja,ja,Uten utstyr,,1
9663,Koden,game,Utføres alene,Utføres alene,ja,ja,ja,Stoler,,1
18411,Kontorpingis,game,Utføres parvis,Utføres parvis,ja,ja,nei,,,1
3930,Kortstokktrening,game,Utføres alene,Utføres alene,ja,ja,ja,Kortstokk,,1
14734,Luringen,game,Utføres i gruppe,Utføres i gruppe,nei,nei,ja,,,1
18413,Lynpennen,game,Utføres i gruppe,Utføres i gruppe,ja,ja,ja,,,1
1462,Make a move,game,Utføres i gruppe,Utføres i gruppe,nei,nei,ja,Uten utstyr,,1
1271,Mbube,game,Utføres i gruppe,Utføres i gruppe,nei,nei,ja,Blendebrille,,1
1464,Mitt skip er lastet med,game,Utføres i gruppe,Utføres i gruppe,nei,nei,ja,Dragonskin skumball | Erteposer | Uten utstyr,,1
1400,Morderen er løs,game,Utføres i gruppe,Utføres i gruppe,nei,nei,ja,Uten utstyr,,1
2283,Move and freeze,game,Utføres i gruppe,Utføres i gruppe,nei,ja,ja,Uten utstyr,,1
16212,Månedens Move it 2025,game,Månedens Move it 2025,Månedens Move it 2025,nei,nei,nei,,,1
18886,Månedens Move it 2026,game,.Månedens Move it 2026,.Månedens Move it 2026,ja,nei,nei,,,1
17129,Natt og dag,game,Utføres i gruppe,Utføres i gruppe,nei,nei,nei,Uten utstyr,,1
15373,Nattduellen,game,Utføres parvis,Utføres parvis,ja,ja,ja,,,1
1125,Ninja,game,Utføres i gruppe,Utføres i gruppe,nei,ja,ja,Uten utstyr,,1
2265,Parsisten,game,Utføres i gruppe,Utføres i gruppe,ja,ja,ja,Uten utstyr,,1
18439,Pingvinen,game,Utføres alene,Utføres alene,ja,ja,nei,,,1
17073,Popcorn,game,Utføres i gruppe,Utføres i gruppe,ja,ja,ja,Uten utstyr,,1
3907,Regneduellen,game,Utføres parvis,Utføres parvis,ja,ja,ja,Uten utstyr,,1
3906,Regnerunden,game,Utføres i gruppe,Utføres i gruppe,nei,nei,ja,Uten utstyr,,1
20077,Rytmerebellen,game,Move It,Move It,ja,ja,nei,Uten utstyr,,1
16963,Saueflokken,game,Utføres i gruppe,Utføres i gruppe,nei,nei,nei,Uten utstyr,,1
2715,Sheriff,game,Utføres i gruppe,Utføres i gruppe,nei,nei,ja,Uten utstyr,,1
18436,Sifferdans,game,Utføres alene,Utføres alene,ja,ja,nei,,,1
1274,Simon says!,game,Utføres i gruppe,Utføres i gruppe,nei,nei,ja,Uten utstyr,,1
1179,Sit around,game,Utføres i gruppe,Utføres i gruppe,nei,nei,ja,Kortstokk,,1
2267,Sjørøversisten,game,Utføres i gruppe,Utføres i gruppe,nei,nei,ja,Uten utstyr,,1
10136,Skyggen,game,Utføres parvis,Utføres parvis,ja,ja,ja,Uten utstyr,,1
16718,Slange og delfin ,game,Kropp og hjerne,Kropp og hjerne,ja,ja,nei,,,1
10584,Spagaten,game,Utføres parvis,Utføres parvis,ja,ja,ja,Uten utstyr,,1
1395,Speilbevegelse,game,Utføres parvis,Utføres parvis,nei,nei,ja,Musikk,,1
9744,"Stein, saks, papir - Hvem vinner?",game,Utføres parvis,Utføres parvis,ja,ja,ja,Uten utstyr,,1
5136,"Stein, saks, papir med ertepose",game,Utføres i gruppe,Utføres i gruppe,ja,ja,ja,Erteposer,,1
3908,"Stein, saks, papir med hopp",game,Utføres parvis,Utføres parvis,ja,ja,ja,Uten utstyr,,1
5135,"Stein, saks, papir nittigradern",game,Utføres parvis,Utføres parvis,ja,ja,ja,Uten utstyr,,1
1248,Steinen bak ryggen,game,Utføres i gruppe,Utføres i gruppe,ja,ja,nei,Uten utstyr | Markeringstallerkener | Stein | Terning,,1
7391,Stempelet går,game,Utføres i gruppe,Utføres i gruppe,ja,ja,ja,Uten utstyr,tekst,1
1276,Sterke og svake klapp,game,Utføres i gruppe,Utføres i gruppe,nei,nei,ja,Uten utstyr,,1
17128,Storm i klasserommet,game,Utføres i gruppe,Utføres i gruppe,nei,ja,nei,Uten utstyr,,1
1310,Stressball,game,Utføres i gruppe,Utføres i gruppe,nei,nei,ja,Dragonskin skumball | Uten utstyr,,1
13663,Telleren,game,Utføres i gruppe,Utføres i gruppe,ja,ja,ja,Uten utstyr,,1
3931,Terningyoga,game,Utføres alene,Utføres alene,ja,ja,ja,Terning,,1
1477,Tipp hvem?,game,Utføres i gruppe,Utføres i gruppe,nei,nei,ja,Uten utstyr,,1
16719,Tommel og pekefinger,game,Kropp og hjerne,Kropp og hjerne,ja,ja,nei,,,1
6146,Touche fot,game,Utføres parvis,Utføres parvis,ja,ja,ja,Uten utstyr,,1
3937,Tryllestav,game,Utføres parvis,Utføres parvis,ja,ja,ja,Uten utstyr,,1
1185,Ustø,game,Utføres i gruppe,Utføres i gruppe,nei,nei,ja,Uten utstyr,,1
17076,Veltet kakerlakk,game,Utføres i gruppe,Utføres i gruppe,nei,ja,nei,Uten utstyr,,1
16775,Viskelærsisten,game,Utføres i gruppe,Utføres i gruppe,ja,ja,ja,,,1
1113,"”Zip”, ”Zap”, ”Boink”",game,Utføres i gruppe,Utføres i gruppe,nei,nei,ja,Uten utstyr,,1
