vaar_tekst,bunke,udir_kode,udir_uri,udir_bokmaal,udir_nynorsk,likhetsskaar,duplikat_av,c_grunn
Etter 4. trinn:,C,,,,,,,trinn-overskrift
"Samhandle med andre gjennom lek, dramatisering, samtale og diskusjon.",D,,,,,0.556,,
"Telje til 100, dele opp og byggje mengder opp til 10, setje saman og dele opp tiargrupper opp til 100 og dele tosifra tal i tiarar og einarar.",D,,,,,0.432,,
Etter 2. trinn:,C,,,,,,,trinn-overskrift
Etter 7. trinn:,C,,,,,,,trinn-overskrift
Utføre grunnleggende setningsanalyse og vise hvordan tekster er bygd opp ved hjelp av begreper fra gramatikk og tekstkunnskap.,D,,,,,0.442,,
Vise forståelse for sammenhengen mellom språklyd og bokstav og mellom talespråk og skriftspråk,D,,,,,0.610,,
Praktisere kildesortering og diskutere hvorfor kildesortering er viktig.,D,,,,,0.490,,
"Beskrive og bruke plassverdisystemet for desimaltal, rekne med positive og negative heile tal, desimaltal, brøkar og prosent og plassere dei ulike storleikane på tallina.",D,,,,,0.519,,
"Finne samnemnar (bm.: fellesnevner) og utføre addisjon, subtraksjon og multiplikasjon av brøkar.",D,,,,,0.477,,
"Kjenne att, eksperimentere med, beskrive og vidareføre strukturar i talmønster.",D,,,,,0.568,,
"Utvikle, bruke og samtale om ulike reknemetodar for addisjon og subtraksjon av fleirsifra tal både i hovudet og på papiret",D,,,,,0.527,,
"Utvikle og bruke varierte metodar for multiplikasjon og divisjon, bruke dei i praktiske situasjonar og bruke den vesle multiplikasjonstabellen i hovudrekning og i oppgåveløysing",D,,,,,0.444,,
"Utvikle, bruke og samtale om ulike reknemetodar for addisjon og subtraksjon av fleirsifra tal både i hovudet og på papiret",D,,,,,0.527,,
"Utvikle og bruke varierte metodar for multiplikasjon og divisjon, bruke dei i praktiske situasjonar og bruke den vesle multiplikasjonstabellen i hovudrekning og i oppgåveløysing",D,,,,,0.444,,
Beskrive ordklasser og deres funksjon.,D,,,,,0.543,,
Gje døme på ulike kulturelle symbol og gjere greie for kva vi meiner med omgrepa identitet og kultur.,D,,,,,0.481,,
Utforske faseoverganger og kjemiske reaksjoner og beskrive hva som kjennetegner dem.,A,KM13841,http://psi.udir.no/kl06/KM13841,utforske faseoverganger og kjemiske reaksjoner og beskrive hva som kjennetegner dem,utforske faseovergangar og kjemiske reaksjonar og beskrive kva som kjenneteiknar dei,1.000,,
Beskrive sentrale hendingar som har ført fram til det demokratiet vi har i Noreg i dag og samanlikne korleis enkeltmenneske har høve til å påverke i ulike styresett.,A,KM14695,http://psi.udir.no/kl06/KM14695,"beskrive sentrale hendelser som har ført til det demokratiet vi har i Norge i dag, og sammenligne hvordan enkeltmennesker har mulighet til å påvirke i ulike styresett",beskrive sentrale hendingar som har ført fram til det demokratiet vi har i Noreg i dag og samanlikne korleis enkeltmenneske har høve til å påverke i ulike styresett,1.000,,
"Utforske korleis menneske i fortida livnærte seg, og samtale om korleis sentrale endringar i livsgrunnlag og teknologi har påverka og påverkar demografi, levekår og busetjingsmønster.",A,KM14685,http://psi.udir.no/kl06/KM14685,"utforske hvordan mennesker i fortiden livnærte seg, og samtale om hvordan sentrale endringer i livsgrunnlag og teknologi har påvirket og påvirker demografi, levekår og bosettingsmønstre","utforske korleis menneske i fortida livnærte seg, og samtale om korleis sentrale endringar i livsgrunnlag og teknologi har påverka og påverkar demografi, levekår og busetjingsmønster",1.000,,
"Samtale om hva fysisk og psykisk helse er, og drøfte hvordan livsstil og trivsel påvirker helse.",A,KM13832,http://psi.udir.no/kl06/KM13832,"samtale om hva fysisk og psykisk helse er, og drøfte hvordan livsstil og trivsel påvirker helse",samtale om kva fysisk og psykisk helse er og drøfte korleis livsstil og trivnad påverkar helse,1.000,,
Utforske ulike sider ved mangfald i Noreg og reflektere over menneska sine behov for å vere seg sjølve og for å høyre til i fellesskap.,A,KM14683,http://psi.udir.no/kl06/KM14683,utforske ulike sider ved mangfold i Norge og reflektere over menneskers behov for å være seg selv og for å høre til i fellesskap,utforske ulike sider ved mangfald i Noreg og reflektere over menneska sine behov for å vere seg sjølve og for å høyre til i fellesskap,1.000,Utforske ulike sider ved mangfold i Norge og reflektere over menneskers behov for å være seg selv og for å høre til i fellesskap.,
"Reflektere over variasjonar i identitetar, seksuell orientering og kjønnsuttrykk, og eigne og andre sine grenser knytte til kjensler, kropp, kjønn og seksualitet og drøfte kva ein kan gjere om grenser blir brotne.",A,KM14694,http://psi.udir.no/kl06/KM14694,"reflektere over variasjoner i identiteter, seksuell orientering og kjønnsuttrykk og egne og andres grenser knyttet til følelser, kropp, kjønn og seksualitet og drøfte hva man kan gjøre om grenser blir brutt","reflektere over variasjonar i identitetar, seksuell orientering og kjønnsuttrykk, og eigne og andre sine grenser knytte til kjensler, kropp, kjønn og seksualitet og drøfte kva ein kan gjere om grenser blir brotne",1.000,,
"Utvikle og bruke formålstenlege strategiar i rekning med brøk, desimaltal og prosent og forklare tenkjemåtane sine.",B,KM13268,http://psi.udir.no/kl06/KM13268,utvikle og bruke ulike strategier for regning med positive tall og brøk og forklare tenkemåtene sine,utvikle og bruke ulike strategiar for rekning med positive tal og brøk og forklare tenkjemåtane sine,0.789,,
"eksperimentere med telling både forlengs og baklengs, velge ulike startpunkter og ulik differanse og beskrive mønstre i tellingene",B,KM13230,http://psi.udir.no/kl06/KM13230,"telle både framlengs og baklengs, velge ulike startpunkter og ulik differanse og forklare mønstre i tellinger","telje både framlengs og baklengs, velje ulike startpunkt og ulik differanse og forklare mønster i teljingar",0.835,,
Utforske addisjon og subtraksjon og bruke dette til å formulere og løse problemer fra lek og egen hverdag.,B,KM13234,http://psi.udir.no/kl06/KM13234,bruke addisjon og subtraksjon til å lage og løse problemer fra lek og hverdag,bruke addisjon og subtraksjon til å lage og løyse problem frå leik og kvardag,0.802,,
Utforske den kommutative og den assosiative eigenskapen ved addisjon og bruke dette i hovudrekning.,D,,,,,0.712,,
"Ordne tall, mengder og former ut fra egenskaper, sammenligne dem og reflektere over om det kan gjøres på flere måter.",B,KM13228,http://psi.udir.no/kl06/KM13228,gruppere tall og mengder ut fra egenskaper og reflektere over om dette kan gjøres på flere måter,gruppere tal og mengder ut frå eigenskapar og reflektere over om dette kan gjerast på fleire måtar,0.810,,
Etter 3. trinn:,C,,,,,,,trinn-overskrift
Utvikle og bruke formålstenlege strategiar for subtraksjon i praktiske situasjonar.,D,,,,,0.680,,
Bruke samansette rekneuttrykk til å beskrive og utføre utrekningar.,D,,,,,0.544,,
Plassere tal på tallinja og bruke tallinja i rekning og problemløysing.,A,KM13233,http://psi.udir.no/kl06/KM13233,plassere tall på tallinjen og bruke tallinjen i regning og problemløsing,plassere tal på tallinja og bruke tallinja i rekning og problemløysing,1.000,,
Lage og følgje reglar og trinnvise instruksjonar i leik og spel knytte til koordinatsystemet.,A,KM13252,http://psi.udir.no/kl06/KM13252,lage og følge regler og trinnvise instruksjoner i lek og spill knyttet til koordinatsystemet,lage og følgje reglar og trinnvise instruksjonar i leik og spel knytte til koordinatsystemet,1.000,Lage og følge regler og trinnvise instruksjoner i lek og spill knyttet til koordinatsystemet.,
Utforske og beskrive strukturar og mønster i leik og spel.,B,KM13262,http://psi.udir.no/kl06/KM13262,beskrive og utforske strukturer og mønstre i lek og spill,beskrive og utforske strukturar og mønster i leik og spel,0.789,,
utforske og forklare sammenhenger mellom addisjon og subtraksjon og bruke det i hoderegning og problemløsing,D,,,,,0.734,,
Utforske multiplikasjon ved teljing.,D,,,,,0.480,,
"Utforske, bruke og beskrive ulike divisjonsstrategiar.",B,KM13257,http://psi.udir.no/kl06/KM13257,bruke og forklare ulike divisjonsstrategier,bruke og forklare ulike divisjonsstrategiar,0.800,,
"Følge regler for rettskriving, ordbøying og setningsstruktur.",A,KM13360,http://psi.udir.no/kl06/KM13360,"følge regler for rettskriving, ordbøying og setningsstruktur","følgje reglar for rettskriving, ordbøying og setningsstruktur",1.000,"Følge regler for rettskriving, ordbøying og setningsstruktur. || - følge regler for rettskriving, ordbøying og setningsstruktur",
"Sammenligne og presentere ulike årstider og høytider i kristendom og andre religions- og livssynstradisjoner, som kulturarv.",A,KM14587,http://psi.udir.no/kl06/KM14587,"sammenligne og presentere ulike årstider og høytider i kristendom og andre religions- og livssynstradisjoner, som kulturarv","samanlikne og presentere ulike årstider og høgtider i kristendom og andre religions- og livssynstradisjonar, som kulturarv",1.000,,
Bruke fagbegreper i arbeidet med religioner og livssyn.,A,KM14607,http://psi.udir.no/kl06/KM14607,bruke fagbegreper i arbeidet med religioner og livssyn,bruke fagomgrep i arbeidet med religionar og livssyn,1.000,Bruke fagbegreper i arbeidet med religioner og livssyn.,
Utforske og sammenligne tekster og materielle uttrykk som kilder til kunnskap om kulturarv knyttet til kristendom og ulike religions- og livssynstradisjoner.,A,KM14600,http://psi.udir.no/kl06/KM14600,utforske og sammenligne tekster og materielle uttrykk som kilder til kunnskap om kulturarv knyttet til kristendom og ulike religions- og livssynstradisjoner,utforske og samanlikne tekstar og materielle uttrykk som kjelder til kunnskap om kulturarv knytt til kristendom og ulike religions- og livssynstradisjonar,1.000,,
"Samtale om og beskrive hvordan ord vi bruker, kan påvirke andre.",A,KM14149,http://psi.udir.no/kl06/KM14149,"samtale om og beskrive hvordan ord vi bruker, kan påvirke andre","samtale om og beskrive korleis ord vi bruker, kan påverke andre",1.000,,
Bruke fagspråk og kunnskap om ordklasser og setningsoppbygning i samtale om egne og andres tekster.,A,KM14177,http://psi.udir.no/kl06/KM14177,bruke fagspråk og kunnskap om ordklasser og setningsoppbygning i samtale om egne og andres tekster,bruke fagspråk og kunnskap om ordklassar og setningsoppbygging i samtale om eigne og andre sine tekstar,1.000,,
"utforske tall, mengder og telling i lek, natur, billedkunst, musikk og barnelitteratur, representere tallene på ulike måter og oversette mellom de ulike representasjonene",D,,,,,0.673,,
Eksperimentere med multiplikasjon og divisjon i kvardagssituasjonar.,D,,,,,0.554,,
utforske og forklare sammenhenger mellom de fire regneartene og bruke sammenhengene hensiktsmessig i utregninger,D,,,,,0.553,,
"Utforske og forklare samanhengar mellom brøkar, desimaltal og prosent og bruke det i hovudrekning.",D,,,,,0.587,,
Kjenne att og beskrive repeterande einingar i mønster og lage eigne mønster.,A,KM13236,http://psi.udir.no/kl06/KM13236,kjenne igjen og beskrive repeterende enheter i mønstre og lage egne mønstre,kjenne att og beskrive repeterande einingar i mønster og lage eigne mønster,1.000,Kjenne igjen og beskrive repeterende enheter i mønstre og lage egne mønstre.,
Utforske og beskrive generelle eigenskapar ved partal og oddetal.,B,KM13231,http://psi.udir.no/kl06/KM13231,beskrive og utforske egenskaper ved partall og oddetall,beskrive og utforske eigenskapar ved partal og oddetal,0.780,,
"Utforske, beskrive og samanlikne eigenskapar ved to- og tredimensjonale figurar ved å bruke vinklar, kantar og hjørne.",B,KM13261,http://psi.udir.no/kl06/KM13261,"beskrive og utforske egenskaper ved to- og tredimensjonale figurer ved å bruke vinkler, kanter, hjørner og flater","beskrive og utforske eigenskapar ved to- og tredimensjonale figurar ved å bruke vinklar, kantar, hjørne og flater",0.848,,
Etter 7. trinn:,C,,,,,,,trinn-overskrift
"beskrive egenskaper ved og minimumsdefinisjoner av to- og tredimensjonale figurer og forklare hvilke egenskaper figurene har felles, og hvilke egenskaper som skiller dem fra hverandre",B,KM13278,http://psi.udir.no/kl06/KM13278,"beskrive og utforske egenskaper ved to- og tredimensjonale figurer og forklare hvilke egenskaper figurene har til felles, og hvilke egenskaper som skiller figurene fra hverandre","beskrive og utforske eigenskapar ved to- og tredimensjonale figurar og forklare kva for eigenskapar figurane har til felles, og kva for eigenskapar som skil figurane frå kvarandre",0.854,,
Etter 5. trinn:,C,,,,,,,trinn-overskrift
"Utforske, teikne og beskrive geometriske figurar frå sitt eige nærmiljø og argumentere for måtar å sortere dei på etter eigenskapar.",A,KM13237,http://psi.udir.no/kl06/KM13237,"utforske, tegne og beskrive geometriske figurer fra sitt eget nærmiljø og argumentere for måter å sortere dem på etter egenskaper","utforske, teikne og beskrive geometriske figurar frå sitt eige nærmiljø og argumentere for måtar å sortere dei på etter eigenskapar",1.000,,
Utforske og beskrive symmetri i mønster og utføre kongruensavbildingar med og utan koordinatsystem.,D,,,,,0.675,,
"Måle og samanlikne storleikar som gjeld lengd og areal, ved hjelp av ikkje-standardiserte og standardiserte måleiningar, beskrive korleis og samtale om resultata.",D,,,,,0.699,,
Formulere og løyse problem frå eigen kvardag som har med tid å gjere.,B,KM13269,http://psi.udir.no/kl06/KM13269,formulere og løse problemer som har med brøk å gjøre,formulere og løyse problem som har med brøk å gjere,0.790,,
Bruke variablar og formlar til å uttrykkje samanhengar i praktiske situasjonar.,D,,,,,0.582,,
Bruke ulike måleiningar for lengd og masse i praktiske situasjonar og grunngi valet av måleining.,D,,,,,0.611,,
Bruke ikkje-standardiserte måleiningar for areal og volum i praktiske situasjonar og grunngi valet av måleining.,D,,,,,0.646,,
Utforske mål for areal og volum i praktiske situasjonar og representere dei på ulike måtar.,D,,,,,0.736,,
Diskutere tilfeldigheit og sannsyn i spel og praktiske situasjonar og knyte det til brøk.,B,KM13270,http://psi.udir.no/kl06/KM13270,utforske og beskrive tilfeldighet og sannsynlighet i spill og praktiske situasjoner og knytte det til brøk,"utforske og beskrive tilfeldigheit og sannsyn i spel og praktiske situasjonar, og knyte det til brøk",0.898,,
"Formulere og løyse problem frå sin eigen kvardag som har med desimaltal, brøk og prosent å gjere og forklare eigne tenkjemåtar.",D,,,,,0.660,,
"Logge, sortere, presentere og lese data i tabellar og diagram og grunngi valet av framstilling.",B,KM13290,http://psi.udir.no/kl06/KM13290,"logge, sortere, lese av og presentere data i tabeller og diagrammer og forklare valget av framstilling","logge, sortere, lese av og presentere data i tabellar og diagram og forklare valet av framstilling",0.830,,
"Undre seg, stille spørsmål og lage hypoteser  og utforske disse for å finne svar.",A,KM13816,http://psi.udir.no/kl06/KM13816,"undre seg, stille spørsmål og lage hypoteser og utforske disse for å finne svar","undre seg, stille spørsmål og lage hypotesar og utforske desse for å finne svar",1.000,,
"Bruke tabeller og figurer til å organisere data, lage forklaringer basert på data og presentere funn.",A,KM13817,http://psi.udir.no/kl06/KM13817,"bruke tabeller og figurer til å organisere data, lage forklaringer basert på data og presentere funn","bruke tabellar og figurar til å organisere data, lage forklaringar baserte på data og presentere funn",1.000,,
"Stille spørsmål og lage hypoteser om naturfaglige fenomener, identifisere variabler og samle data for å finne svar.",A,KM13833,http://psi.udir.no/kl06/KM13833,"stille spørsmål og lage hypoteser om naturfaglige fenomener, identifisere variabler og samle data for å finne svar","stille spørsmål og lage hypotesar om naturfaglege fenomen, identifisere variablar og samle data for å finne svar",1.000,,
"Skille mellom observasjoner og slutninger, organisere data, bruke årsak-virkning-argumenter, trekke slutninger, vurdere feilkilder og presentere funn.",A,KM13834,http://psi.udir.no/kl06/KM13834,"skille mellom observasjoner og slutninger, organisere data, bruke årsak-virkning-argumenter, trekke slutninger, vurdere feilkilder og presentere funn","skilje mellom observasjonar og slutningar, organisere data, bruke årsak–verknad-argument, trekkje slutningar, vurdere feilkjelder og presentere funn",1.000,,
"Undre seg, utforske og lage spørsmål, og knytte dette til egne eller andres erfaringer.",A,KM13806,http://psi.udir.no/kl06/KM13806,"undre seg, utforske og lage spørsmål, og knytte dette til egne eller andres erfaringer","undre seg, utforske og lage spørsmål, og knyte dette til eigne eller andre sine erfaringar",1.000,,
Presentere funnene sine og beskrive hvordan eleven har kommet fram til dem.,A,KM13807,http://psi.udir.no/kl06/KM13807,presentere funnene sine og beskrive hvordan eleven har kommet fram til dem,presentere funna sine og beskrive korleis eleven har kome fram til dei,1.000,,
Utforske et naturområde i nærmiljøet og beskrive  hvordan noen organismer er tilpasset området og hverandre.,A,KM13810,http://psi.udir.no/kl06/KM13810,utforske et naturområde i nærmiljøet og beskrive hvordan noen organismer er tilpasset området og hverandre,utforske eit naturområde i nærmiljøet og beskrive korleis nokre organismar er tilpassa området og kvarandre,1.000,,
Utforske og sammenligne ulike dyre- og plantearters tilpasninger til miljø og levesteder og drøfte hvorfor noen arter dør ut.,A,KM13825,http://psi.udir.no/kl06/KM13825,utforske og sammenligne ulike dyre- og plantearters tilpasninger til miljø og levesteder og drøfte hvorfor noen arter dør ut,"utforske og samanlikne korleis ulike dyre- og planteartar har tilpassa seg miljø og levestader, og drøfte kvifor nokre artar døyr ut",1.000,,
Utforske sansene gjennom lek ute og inne og samtale om hvordan sansene brukes til å samle informasjon.,A,KM13813,http://psi.udir.no/kl06/KM13813,utforske sansene gjennom lek ute og inne og samtale om hvordan sansene brukes til å samle informasjon,utforske sansane gjennom leik ute og inne og samtale om korleis sansane blir brukte til å samle informasjon,1.000,,
"Gjøre rede for hvordan organismer kan deles inn i hovedgrupper, og gi eksempler på ulike organismers særtrekk.",A,KM13843,http://psi.udir.no/kl06/KM13843,"gjøre rede for hvordan organismer kan deles inn i hovedgrupper, og gi eksempler på ulike organismers særtrekk","gjere greie for korleis organismar kan delast inn i hovudgrupper, og gi døme på særtrekka til ulike organismar",1.000,,
Samtale om hvordan vi kan ta miljøbevisste valg og gjennomføre lokale miljøtiltak.,A,KM13815,http://psi.udir.no/kl06/KM13815,samtale om hvordan vi kan ta miljøbevisste valg og gjennomføre lokale miljøtiltak,samtale om korleis vi kan ta miljømedvitne val og gjennomføre lokale miljøtiltak,1.000,,
Lese og forstå faremerking og reflektere over hensikten med disse.,A,KM13836,http://psi.udir.no/kl06/KM13836,lese og forstå faremerking og reflektere over hensikten med disse,lese og forstå faremerking og reflektere over formålet med desse,1.000,,
"Uttrykke tekstopplevelser gjennom lek, sang, tegning, skriving og andre kreative aktiviteter.",A,KM14141,http://psi.udir.no/kl06/KM14141,"uttrykke tekstopplevelser gjennom lek, sang, tegning, skriving og andre kreative aktiviteter","uttrykkje tekstopplevingar gjennom leik, song, teikning, skriving og andre kreative aktivitetar",1.000,,
Leke med rim og rytme og lytte ut språklyder og stavelser i ord.,A,KM14145,http://psi.udir.no/kl06/KM14145,leke med rim og rytme og lytte ut språklyder og stavelser i ord,leike med rim og rytme og lytte ut språklydar og stavingar i ord,1.000,,
Lytte til og samtale om skjønnlitteratur og sakprosa på bokmål og nynorsk.,A,KM14139,http://psi.udir.no/kl06/KM14139,lytte til og samtale om skjønnlitteratur og sakprosa på bokmål og nynorsk,lytte til og samtale om skjønnlitteratur og sakprosa på bokmål og nynorsk,1.000,,
"Utforske og formidle tekster gjennom samtale, skriving, lek, bevegelse og andre kreative uttrykk.",A,KM14158,http://psi.udir.no/kl06/KM14158,"utforske og formidle tekster gjennom samtale, skriving, lek, bevegelse og andre kreative uttrykk","utforske og formidle tekstar gjennom samtale, skriving, leik, bevegelse og andre kreative uttrykk",1.000,,
"Lytte, ta ordet etter tur og begrunne egne meninger i samtaler.",A,KM14142,http://psi.udir.no/kl06/KM14142,"lytte, ta ordet etter tur og begrunne egne meninger i samtaler","lytte, ta ordet etter tur og grunngi eigne meiningar i samtalar",1.000,,
"Beskrive, fortelle og argumentere muntlig og skriftlig og bruke språket på kreative måter.",A,KM14162,http://psi.udir.no/kl06/KM14162,"beskrive, fortelle og argumentere muntlig og skriftlig og bruke språket på kreative måter","beskrive, fortelje og argumentere munnleg og skriftleg og bruke språket på kreative måtar",1.000,"Beskrive, fortelle og argumentere muntlig og skriftlig og bruke språket på kreative måter || Beskrive, fortelle og argumentere muntlig og skriftlig og bruke språket på kreative måter.",
"Bruke noen vanlige småord, høflighetsuttrykk og enkle fraser og setninger for å få hjelp til å forstå og bli forstått.",A,KM13341,http://psi.udir.no/kl06/KM13341,"bruke noen vanlige småord, høflighetsuttrykk og enkle fraser og setninger for å få hjelp til å forstå og bli forstått","bruke nokre vanlege småord, høflegheitsuttrykk og enkle frasar og setningar for å få hjelp til å forstå og bli forstått",1.000,,
Utforske og bruke det engelske alfabetet og uttalemønstre i varierte lek- sang- og språklæringsaktiviteter.,A,KM13340,http://psi.udir.no/kl06/KM13340,utforske og bruke det engelske alfabetet og uttalemønstre i varierte lek- sang- og språklæringsaktiviteter,"utforske og bruke det engelske alfabetet og uttalemønster i varierte leik, song- og språklæringsaktivitetar",1.000,,
"Stille og svare på enkle spørsmål, følge enkle instruksjoner og bruke noen høflighetsuttrykk.",A,KM13332,http://psi.udir.no/kl06/KM13332,"stille og svare på enkle spørsmål, følge enkle instruksjoner og bruke noen høflighetsuttrykk","stille og svare på enkle spørsmål, følgje enkle instruksjonar og bruke nokre høflegheitsuttrykk",1.000,,
Lytte til og forstå ord og uttrykk i tilpassede tekster.,A,KM13354,http://psi.udir.no/kl06/KM13354,lytte til og forstå ord og uttrykk i tilpassede tekster,lytte til og forstå ord og uttrykk i tilpassa tekstar,1.000,,
"Delta i samtaler om egne og andres behov, følelser, dagligliv og interesser og bruke samtaleregler.",A,KM13342,http://psi.udir.no/kl06/KM13342,"delta i samtaler om egne og andres behov, følelser, dagligliv og interesser og bruke samtaleregler","delta i samtalar om eigne og andre sine behov, kjensler, daglegliv og interesser og bruke samtalereglar",1.000,,
Uttrykke seg forståelig med et variert ordforråd og høflighetsuttrykk tilpasset mottaker og situasjon.,A,KM13357,http://psi.udir.no/kl06/KM13357,uttrykke seg forståelig med et variert ordforråd og høflighetsuttrykk tilpasset mottaker og situasjon,uttrykkje seg forståeleg med eit variert ordforråd og høflegheitsuttrykk tilpassa mottakar og situasjon,1.000,,
Beskrive geografiske hovudtrekk i ulike delar av verda og reflektere over korleis desse hovudtrekka påverkar menneska som bur der.,A,KM14688,http://psi.udir.no/kl06/KM14688,beskrive geografiske hovedtrekk i ulike deler av verden og reflektere over hvordan disse hovedtrekkene påvirker menneskene som bor der,beskrive geografiske hovudtrekk i ulike delar av verda og reflektere over korleis desse hovudtrekka påverkar menneska som bur der,1.000,,
Utforske og beskrive kulturminne og kultur- og naturlandskapet i nærmiljøet.,A,KM14719,http://psi.udir.no/kl06/KM14719,utforske og beskrive kulturminner og kultur- og naturlandskapet i nærmiljøet,utforske og beskrive kulturminne og kultur- og naturlandskapet i nærmiljøet,1.000,,
"Utforske kulturminne og korleis menneska levde i den tida kulturminna er frå, og samanlikne med korleis vi lever i dag.",A,KM14669,http://psi.udir.no/kl06/KM14669,"utforske kulturminner og hvordan mennesker levde i den tiden kulturminnene er fra, og sammenligne med hvordan vi lever i dag","utforske kulturminne og korleis menneska levde i den tida kulturminna er frå, og samanlikne med korleis vi lever i dag",1.000,,
Følge enkle regler for rettskriving og setningsstruktur.,A,KM13345,http://psi.udir.no/kl06/KM13345,følge enkle regler for rettskriving og setningsstruktur,følgje enkle reglar for rettskriving og setningsstruktur,1.000,,
Skrive enkle tekster som uttrykker tanker og meninger.,A,KM13352,http://psi.udir.no/kl06/KM13352,skrive enkle tekster som uttrykker tanker og meninger,skrive enkle tekstar som uttrykkjer tankar og meiningar,1.000,,
"Skrive sammenhengende tekster, inkludert sammensatte, som gjenforteller, forteller, spør og uttrykker meninger og interesser, tilpasset mottaker.",A,KM13366,http://psi.udir.no/kl06/KM13366,"skrive sammenhengende tekster, inkludert sammensatte, som gjenforteller, forteller, spør og uttrykker meninger og interesser, tilpasset mottaker","skrive samanhengande tekstar, inkludert samansette, som gjenfortel, fortel, spør og uttrykkjer meiningar og interesser, tilpassa mottakar",1.000,,
​​​​​​​Tilegne seg ord og kulturell kunnskap gjennom engelskspråklig barnelitteratur og barnekultur.,A,KM13337,http://psi.udir.no/kl06/KM13337,tilegne seg ord og kulturell kunnskap gjennom engelskspråklig barnelitteratur og barnekultur,tileigne seg ord og kulturell kunnskap gjennom engelskspråkleg barnelitteratur og barnekultur,1.000,,
"Utforske og bruke uttalemønstre og ord og uttrykk i lek, sang og rollespill.",A,KM13355,http://psi.udir.no/kl06/KM13355,"utforske og bruke uttalemønstre og ord og uttrykk i lek, sang og rollespill","utforske og bruke uttalemønster og ord og uttrykk i leik, song og rollespel",1.000,"- utforske og bruke uttalemønstre og ord og uttrykk i lek, sang og rollespill",
"Beskrive hvordan muskler og skjelett fungerer, og knytte dette til bevegelse.",A,KM13831,http://psi.udir.no/kl06/KM13831,"beskrive hvordan muskler og skjelett fungerer, og knytte dette til bevegelse","beskrive korleis musklar og skjelett fungerer, og knyte dette til bevegelse",1.000,,
Gjøre rede for noen av kroppens organsystemer og beskrive hvordan systemene virker sammen.,A,KM13850,http://psi.udir.no/kl06/KM13850,gjøre rede for noen av kroppens organsystemer og beskrive hvordan systemene virker sammen,gjere greie for nokre av organsystema i kroppen og beskrive korleis systema verkar saman,1.000,,
"Bruke partikkelmodellen til å forklare faseoverganger og egenskapene til faste stoffer, væsker og gasser.",A,KM13852,http://psi.udir.no/kl06/KM13852,"bruke partikkelmodellen til å forklare faseoverganger og egenskapene til faste stoffer, væsker og gasser","bruke partikkelmodellen til å forklare faseovergangar og eigenskapane til faste stoff, væsker og gassar",1.000,,
"Beskrive og visualisere hvordan døgn, månefaser og årstider oppstår, og samtale om hvordan dette påvirker livet på jorda.",A,KM13846,http://psi.udir.no/kl06/KM13846,"beskrive og visualisere hvordan døgn, månefaser og årstider oppstår, og samtale om hvordan dette påvirker livet på jorda","beskrive og visualisere korleis døgn, månefasar og årstider oppstår, og samtale om korleis dette påverkar livet på jorda",1.000,,
"Utforske og beskrive observerbare egenskaper til ulike objekter, materialer og stoffer og sortere etter egenskaper.",A,KM13809,http://psi.udir.no/kl06/KM13809,"utforske og beskrive observerbare egenskaper til ulike objekter, materialer og stoffer og sortere etter egenskaper","utforske og beskrive observerbare eigenskapar til ulike objekt, materiale og stoff og sortere etter eigenskapar",1.000,,
Sammenligne modeller med observasjoner og samtale om hvorfor vi bruker modeller i naturfag.,A,KM13818,http://psi.udir.no/kl06/KM13818,sammenligne modeller med observasjoner og samtale om hvorfor vi bruker modeller i naturfag,samanlikne modellar med observasjonar og samtale om kvifor vi bruker modellar i naturfag,1.000,,
Designe og lage et produkt basert på en kravspesifikasjon.,A,KM13821,http://psi.udir.no/kl06/KM13821,designe og lage et produkt basert på en kravspesifikasjon,designe og lage eit produkt basert på ein kravspesifikasjon,1.000,,
Følge opp innspill fra andre i faglige samtaler og stille oppklarende og utdypende spørsmål.,A,KM14167,http://psi.udir.no/kl06/KM14167,følge opp innspill fra andre i faglige samtaler og stille oppklarende og utdypende spørsmål,følgje opp innspel frå andre i faglege samtalar og stille oppklarande og utdjupande spørsmål,1.000,,
Lytte til og videreutvikle innspill fra andre og begrunne egne standpunkter i samtaler.,A,KM14169,http://psi.udir.no/kl06/KM14169,lytte til og videreutvikle innspill fra andre og begrunne egne standpunkter i samtaler,lytte til og vidareutvikle innspel frå andre og grunngi eigne standpunkt i samtalar,1.000,,
Trekke bokstavlyder sammen til ord under lesing og skriving.,A,KM14146,http://psi.udir.no/kl06/KM14146,trekke bokstavlyder sammen til ord under lesing og skriving,trekkje bokstavlydar saman til ord under lesing og skriving,1.000,Trekke bokstavlyder sammen til ord under lesing og skriving.,
Lage rekneuttrykk til praktiske situasjonar og finne praktiske situasjonar som passar til oppgitte rekneuttrykk.,A,KM13260,http://psi.udir.no/kl06/KM13260,lage regneuttrykk til praktiske situasjoner og finne praktiske situasjoner som passer til oppgitte regneuttrykk,lage rekneuttrykk til praktiske situasjonar og finne praktiske situasjonar som passar til oppgitte rekneuttrykk,1.000,,
"Bruke fagspråk om setningsoppbygning og bøying av verb, substantiv og adjektiv i samtaler om språk og om egne og andres tekster.",A,KM14159,http://psi.udir.no/kl06/KM14159,"bruke fagspråk om setningsoppbygning og bøying av verb, substantiv og adjektiv i samtaler om språk og om egne og andres tekster","bruke fagspråk om setningsoppbygging og bøying av verb, substantiv og adjektiv i samtalar om språk og om eigne og andre sine tekstar",1.000,,
"Skrive tekster med tydelig struktur og mestre sentrale regler for rettskriving, ordbøying og tegnsetting.",A,KM14172,http://psi.udir.no/kl06/KM14172,"skrive tekster med tydelig struktur og mestre sentrale regler for rettskriving, ordbøying og tegnsetting","skrive tekstar med tydeleg struktur og meistre sentrale reglar for rettskriving, ordbøying og teiknsetjing",1.000,,
"Beskrive likskap og ulikskap i samanlikning av storleikar, mengder, uttrykk og tal og bruke likskaps- og ulikskapsteikn.",D,,,,,0.610,,
"Presentere årsaker til at samane har urfolksstatus i Noreg, og beskrive forskjellige former for samisk kultur- og samfunnsliv før og no.",A,KM14671,http://psi.udir.no/kl06/KM14671,"presentere årsaker til at samene har urfolksstatus i Norge, og beskrive forskjellige former for samisk kultur- og samfunnsliv før og nå","presentere årsaker til at samane har urfolksstatus i Noreg, og beskrive forskjellige former for samisk kultur- og samfunnsliv før og no",1.000,,
Utforske hovudtrekk ved historia til samane og dei nasjonale minoritetane i Noreg og presentere rettar samane og dei nasjonale minoritetane i Noreg har i dag.,A,KM14690,http://psi.udir.no/kl06/KM14690,utforske hovedtrekk ved historien til samene og de nasjonale minoritetene i Norge og presentere rettigheter samene og de nasjonale minoritetene i Norge har i dag,utforske hovudtrekk ved historia til samane og dei nasjonale minoritetane i Noreg og presentere rettar samane og dei nasjonale minoritetane i Noreg har i dag,1.000,,
Samtale om og presentere sentrale fortellinger og trosforestillinger i østlige og vestlige religiøse tradisjoner.,A,KM14598,http://psi.udir.no/kl06/KM14598,samtale om og presentere sentrale fortellinger og trosforestillinger i østlige og vestlige religiøse tradisjoner,samtale om og presentere sentrale forteljingar og trusførestillingar i austlege og vestlege religiøse tradisjonar,1.000,,
Skille mellom ulike kilder til kunnskap om religioner og livssyn.,A,KM14589,http://psi.udir.no/kl06/KM14589,skille mellom ulike kilder til kunnskap om religioner og livssyn,skilje mellom ulike kjelder til kunnskap om religionar og livssyn,1.000,,
Beskrive og presentere noen sentrale rituelle praksiser og etiske normer fra østlige og vestlige religioner og livssynstradisjoner.,A,KM14609,http://psi.udir.no/kl06/KM14609,beskrive og presentere noen sentrale rituelle praksiser og etiske normer fra østlige og vestlige religioner og livssynstradisjoner,beskrive og presentere nokre sentrale rituelle praksisar og etiske normer frå austlege og vestlege religionar og livssynstradisjonar,1.000,,
"Samtale om hva energi er, og utforske ulike energikjeder.",A,KM13824,http://psi.udir.no/kl06/KM13824,"samtale om hva energi er, og utforske ulike energikjeder","samtale om kva energi er, og utforske ulike energikjeder",1.000,,
"Stille spørsmål og lage hypoteser om naturfaglige fenomener, identifisere avhengige og uavhengige variabler og samle data for å finne svar.",A,KM13854,http://psi.udir.no/kl06/KM13854,"stille spørsmål og lage hypoteser om naturfaglige fenomener, identifisere avhengige og uavhengige variabler og samle data for å finne svar","stille spørsmål og lage hypotesar om naturfaglege fenomen, identifisere avhengige og uavhengige variablar og samle data for å finne svar",1.000,,
Etter 8. trinn,C,,,,,,,trinn-overskrift
Beskrive og generalisere mønster med eigne ord og algebraisk.,D,,,,,0.748,,
Etter 9. trinn,C,,,,,,,trinn-overskrift
"Lese og forstå betydningen av kjente og ukjente ord, fraser og setninger ut fra sammenhengen i selvvalgte tekster.",A,KM13348,http://psi.udir.no/kl06/KM13348,"lese og forstå betydningen av kjente og ukjente ord, fraser og setninger ut fra sammenhengen i selvvalgte tekster","lese og forstå betydninga av kjende og ukjende ord, frasar og setningar ut frå samanhengen i sjølvvalde tekstar",1.000,,
"Lese og lytte til fortellinger, eventyr, sangtekster, faktabøker og andre tekster på bokmål og nynorsk og i oversettelse fra samiske og andre språk, og samtale om hva tekstene betyr for eleven.",A,KM14153,http://psi.udir.no/kl06/KM14153,"lese og lytte til fortellinger, eventyr, sangtekster, faktabøker og andre tekster på bokmål og nynorsk og i oversettelse fra samiske og andre språk, og samtale om hva tekstene betyr for eleven","lese og lytte til forteljingar, eventyr, songtekstar, faktabøker og andre tekstar på bokmål og nynorsk og i omsetjing frå samiske og andre språk, og samtale om kva tekstane betyr for eleven",1.000,,
"Lese lyrikk, noveller, fagtekster og annen skjønnlitteratur og sakprosa på bokmål og nynorsk, svensk og dansk og samtale om formål, form og innhold.",A,KM14176,http://psi.udir.no/kl06/KM14176,"lese lyrikk, noveller, fagtekster og annen skjønnlitteratur og sakprosa på bokmål og nynorsk, svensk og dansk og samtale om formål, form og innhold","lese lyrikk, noveller, fagtekstar og annan skjønnlitteratur og sakprosa på bokmål og nynorsk, svensk og dansk og samtale om formål, form og innhald",1.000,,
Aktiviteten dekker flere kompetansemål knyttet til ulike tema.,D,,,,,0.477,,
"Beskrive kultur- og naturlandskap i Noreg og samtale om korleis historiske og geografiske kjelder, inkludert kart, kan gi informasjon om landskap.",A,KM14672,http://psi.udir.no/kl06/KM14672,"beskrive kultur- og naturlandskap i Norge og samtale om hvordan historiske og geografiske kilder, inkludert kart, kan gi informasjon om landskap","beskrive kultur- og naturlandskap i Noreg og samtale om korleis historiske og geografiske kjelder, inkludert kart, kan gi informasjon om landskap",1.000,,
Eksperimentere med og forklare plasseringar i koordinatsystemet.,B,KM13251,http://psi.udir.no/kl06/KM13251,"eksperimentere med, navngi og plassere punkter i koordinatsystemet","eksperimentere med, namngi og plassere punkt i koordinatsystemet",0.797,,
Beskrive og fortelle muntlig og skriftlig.,A,KM14143,http://psi.udir.no/kl06/KM14143,beskrive og fortelle muntlig og skriftlig,beskrive og fortelje munnleg og skriftleg,1.000,,
Lese tekster med flyt og forståelse og bruke lesestrategier målrettet for å lære.,A,KM14164,http://psi.udir.no/kl06/KM14164,lese tekster med flyt og forståelse og bruke lesestrategier målrettet for å lære,lese tekstar med flyt og forståing og bruke lesestrategiar målretta for å lære,1.000,,
Bruke lesestrategier tilpasset formålet med lesingen.,A,KM14185,http://psi.udir.no/kl06/KM14185,bruke lesestrategier tilpasset formålet med lesingen,bruke lesestrategiar tilpassa formålet med lesinga,1.000,,
"Lage og forklare rekneuttrykk med tal, variablar og konstantar knytte til praktiske situasjonar.",A,KM13301,http://psi.udir.no/kl06/KM13301,"lage og forklare regneuttrykk med tall, variabler og konstanter knyttet til praktiske situasjoner","lage og forklare rekneuttrykk med tal, variablar og konstantar knytte til praktiske situasjonar",1.000,,
Utforske og argumentere for korleis framstillingar av tal og data kan brukast for å fremje ulike synspunkt.,B,KM13314,http://psi.udir.no/kl06/KM13314,sammenligne og argumentere for hvordan framstillinger av tall og data kan brukes for å fremme ulike synspunkter,samanlikne og argumentere for korleis framstillingar av tal og data kan brukast for å fremje ulike synspunkt,0.944,,
Bruke potensar og kvadratrøter i utforsking og problemløysing og argumentere for framgangsmåtar og resultat.,D,,,,,0.689,,
Utvikle og kommunisere strategiar for hovudrekning i utrekningar.,D,,,,,0.576,,
Utforske og beskrive primtalsfaktorisering og bruke det i brøkrekning.,B,KM13298,http://psi.udir.no/kl06/KM13298,beskrive og utforske faktorisering og primtallsfaktorisering og bruke det i brøkregning,beskrive og utforske faktorisering og primtalsfaktorisering og bruke det i brøkrekning,0.774,,
Utforske algebraiske reknereglar.,D,,,,,0.583,,
"Beskrive, forklare og presentere strukturar og utviklingar i geometriske mønster og i talmønster.",D,,,,,0.553,,
"Modellere situasjonar knytte til reelle datasett, presentere resultata og argumentere for at modellane er gyldige.",D,,,,,0.705,,
"Lage, løyse og forklare likningar knytte til praktiske situasjonar.",B,KM13324,http://psi.udir.no/kl06/KM13324,"lage, løse og forklare ligningssett knyttet til praktiske situasjoner","lage, løyse og forklare likningssett knytte til praktiske situasjonar",0.947,,
Utforske og argumentere for formlar for areal og volum av tredimensjonale figurar.,B,KM13310,http://psi.udir.no/kl06/KM13310,bruke og argumentere for formler for overflateareal og volum av tredimensjonale figurer,bruke og argumentere for formlar for overflateareal og volum av tredimensjonale figurar,0.905,,
Beskrive trekk ved det politiske systemet og velferdssamfunnet i Noreg i dag og reflektere over sentrale utfordringar.,A,KM14716,http://psi.udir.no/kl06/KM14716,beskrive trekk ved det politiske systemet og velferdssamfunnet i Norge i dag og reflektere over sentrale utfordringer,beskrive trekk ved det politiske systemet og velferdssamfunnet i Noreg i dag og reflektere over sentrale utfordringar,1.000,,
Sammenligne celler hos ulike organismer og beskrive sammenhenger mellom oppbygning og funksjon.,A,KM13867,http://psi.udir.no/kl06/KM13867,sammenligne celler hos ulike organismer og beskrive sammenhenger mellom oppbygning og funksjon,samanlikne celler hos ulike organismar og beskrive samanhengar mellom oppbygging og funksjon,1.000,,
Drøfte spørsmål knyttet til seksuell og reproduktiv helse.,A,KM13872,http://psi.udir.no/kl06/KM13872,drøfte spørsmål knyttet til seksuell og reproduktiv helse,drøfte spørsmål knytte til seksuell og reproduktiv helse,1.000,,
Etter 10. trinn:,C,,,,,,,trinn-overskrift
Beskrive og reflektere over egen bruk av lesestrategier i lesing av skjønnlitteratur og sakprosa.,A,KM14201,http://psi.udir.no/kl06/KM14201,beskrive og reflektere over egen bruk av lesestrategier i lesing av skjønnlitteratur og sakprosa,beskrive og reflektere over eigen bruk av lesestrategiar i lesing av skjønnlitteratur og sakprosa,1.000,,
Uttrykke seg i ulike sjangre og eksperimentere med sjangre på kreative måter.,A,KM14187,http://psi.udir.no/kl06/KM14187,uttrykke seg i ulike sjangre og eksperimentere med sjangre på kreative måter,uttrykkje seg i ulike sjangrar og eksperimentere med sjangrar på kreative måtar,1.000,,
"Sammenligne og tolke romaner, noveller, lyrikk og andre tekster ut fra historisk kontekst og egen samtid.",A,KM14197,http://psi.udir.no/kl06/KM14197,"sammenligne og tolke romaner, noveller, lyrikk og andre tekster ut fra historisk kontekst og egen samtid","samanlikne og tolke romanar, noveller, lyrikk og andre tekstar ut frå historisk kontekst og eiga samtid",1.000,,
Gjenkjenne og bruke språklige virkemidler og retoriske appellformer.,A,KM14192,http://psi.udir.no/kl06/KM14192,gjenkjenne og bruke språklige virkemidler og retoriske appellformer,kjenne att og bruke språklege verkemiddel og retoriske appellformer,1.000,,
"Bruke fagspråk og argumentere saklig i diskusjoner, samtaler, muntlige presentasjoner og skriftlige framstillinger om norskfaglige og tverrfaglige temaer.",A,KM14186,http://psi.udir.no/kl06/KM14186,"bruke fagspråk og argumentere saklig i diskusjoner, samtaler, muntlige presentasjoner og skriftlige framstillinger om norskfaglige og tverrfaglige temaer","bruke fagspråk og argumentere sakleg i diskusjonar, samtalar, munnlege presentasjonar og skriftlege framstillingar om norskfaglege og tverrfaglege tema",1.000,,
"Bruke fagspråk og kunnskap om grammatikk, tekststruktur og sjanger i samtale om og bearbeiding av tekster.",A,KM14194,http://psi.udir.no/kl06/KM14194,"bruke fagspråk og kunnskap om grammatikk, tekststruktur og sjanger i samtale om og bearbeiding av tekster","bruke fagspråk og kunnskap om grammatikk, tekststruktur og sjanger i samtale om og vidare arbeid med tekstar",1.000,,
Skrive tekster med funksjonell tekstbinding og riktig tegnsetting og mestre rettskriving og ordbøying på hovedmål og sidemål.,A,KM14191,http://psi.udir.no/kl06/KM14191,skrive tekster med funksjonell tekstbinding og riktig tegnsetting og mestre rettskriving og ordbøying på hovedmål og sidemål,skrive tekstar med funksjonell tekstbinding og riktig teiknsetjing og meistre rettskriving og ordbøying på hovudmål og sidemål,1.000,,
Lytte til og lese tekster på svensk og dansk og gjøre rede for innhold og språklige trekk.,A,KM14200,http://psi.udir.no/kl06/KM14200,lytte til og lese tekster på svensk og dansk og gjøre rede for innhold og språklige trekk,lytte til og lese tekstar på svensk og dansk og gjere greie for innhald og språklege trekk,1.000,,
"Lese, diskutere og videreformidle innhold fra ulike typer tekster, inkludert selvvalgte tekster.",A,KM13377,http://psi.udir.no/kl06/KM13377,"lese, diskutere og videreformidle innhold fra ulike typer tekster, inkludert selvvalgte tekster","lese, diskutere og vidareformidle innhald frå ulike typar tekstar, inkludert sjølvvalde tekstar",1.000,,
"Bruke varierte strategier i språklæring, tekstskaping og kommunikasjon.",A,KM13374,http://psi.udir.no/kl06/KM13374,"bruke varierte strategier i språklæring, tekstskaping og kommunikasjon","bruke varierte strategiar i språklæring, tekstskaping og kommunikasjon",1.000,,
"Utforske og beskrive noen språklige likheter og ulikheter mellom engelsk og andre språk eleven kjenner til, og bruke dette i egen språklæring.",A,KM13376,http://psi.udir.no/kl06/KM13376,"utforske og beskrive noen språklige likheter og ulikheter mellom engelsk og andre språk eleven kjenner til, og bruke dette i egen språklæring","utforske og beskrive nokre språklege likskapar og ulikskapar mellom engelsk og andre språk eleven kjenner til, og bruke dette i eiga språklæring",1.000,,
Bruke sentrale mønstre for uttale i kommunikasjon.,A,KM13388,http://psi.udir.no/kl06/KM13388,bruke sentrale mønstre for uttale i kommunikasjon,bruke sentrale mønster for uttale i kommunikasjon,1.000,,
"Stille spørsmål og følge opp innspill i samtaler om ulike emner tilpasset ulike formål, mottakere og situasjoner.",A,KM13373,http://psi.udir.no/kl06/KM13373,"stille spørsmål og følge opp innspill i samtaler om ulike emner tilpasset ulike formål, mottakere og situasjoner","stille spørsmål og følgje opp innspel i samtalar om ulike emne tilpasse ulike formål, mottakarar og situasjonar",1.000,,
Lytte til og forstå ord og uttrykk i varianter av engelsk.,A,KM13371,http://psi.udir.no/kl06/KM13371,lytte til og forstå ord og uttrykk i varianter av engelsk,lytte til og forstå ord og uttrykk i variantar av engelsk,1.000,,
"Uttrykke seg med flyt og sammenheng med et variert ordforråd og idiomatiske uttrykk tilpasset formål, mottaker og situasjon.",A,KM13372,http://psi.udir.no/kl06/KM13372,"uttrykke seg med flyt og sammenheng med et variert ordforråd og idiomatiske uttrykk tilpasset formål, mottaker og situasjon","uttrykkje seg med flyt og samanheng med eit variert ordforråd og idiomatiske uttrykk tilpassa formål, mottakar og situasjon",1.000,,
"Følge regler for rettskriving, ordbøying, setningsstruktur og tekststruktur.",A,KM13375,http://psi.udir.no/kl06/KM13375,"følge regler for rettskriving, ordbøying, setningsstruktur og tekststruktur","følgje reglar for rettskriving, ordbøying, setningsstruktur og tekststruktur",1.000,,
Gjere greie for årsaker til og konsekvensar av sentrale historiske og notidige konfliktar og reflektere over om endringar av nokre føresetnader kunne ha hindra konfliktane.,A,KM14699,http://psi.udir.no/kl06/KM14699,gjøre rede for årsaker til og konsekvenser av sentrale historiske og nåtidige konflikter og reflektere over om endringer av noen forutsetninger kunne ha hindret konfliktene,gjere greie for årsaker til og konsekvensar av sentrale historiske og notidige konfliktar og reflektere over om endringar av nokre føresetnader kunne ha hindra konfliktane,1.000,,
"Utforske korleis teknologi har vore og framleis er ein endringsfaktor, og drøfte innverknaden teknologien har hatt og har på enkeltmenneske, samfunn og natur.",A,KM14702,http://psi.udir.no/kl06/KM14702,"utforske hvordan teknologi har vært og fremdeles er en endringsfaktor, og drøfte innvirkningen teknologien har hatt og har på enkeltmennesker, samfunn og natur","utforske korleis teknologi har vore og framleis er ein endringsfaktor, og drøfte innverknaden teknologien har hatt og har på enkeltmenneske, samfunn og natur",1.000,,
"Reflektere over likskapar og ulikskapar i identitetar, levesett og kulturuttrykk og drøfte moglegheiter og utfordringar ved mangfald.",A,KM14707,http://psi.udir.no/kl06/KM14707,"reflektere over likheter og ulikheter i identiteter, levesett og kulturuttrykk og drøfte muligheter og utfordringer ved mangfold","reflektere over likskapar og ulikskapar i identitetar, levesett og kulturuttrykk og drøfte moglegheiter og utfordringar ved mangfald",1.000,,
"Utforske og beskrive korleis menneske- og urfolksrettar og andre internasjonale avtalar og samarbeid har betydning for nasjonal politikk, livet til menneske, likestilling og likeverd.",A,KM14703,http://psi.udir.no/kl06/KM14703,"utforske og beskrive hvordan menneske- og urfolksrettigheter og andre internasjonale avtaler og samarbeid har betydning for nasjonal politikk, menneskers liv og likestilling og likeverd","utforske og beskrive korleis menneske- og urfolksrettar og andre internasjonale avtalar og samarbeid har betydning for nasjonal politikk, livet til menneske, likestilling og likeverd",1.000,,
"Samanlikne korleis politiske, geografiske og historiske forhold påverkar levekår, busetjingsmønster og demografi i forskjellige delar av verda i dag.",A,KM14704,http://psi.udir.no/kl06/KM14704,"sammenligne hvordan politiske, geografiske og historiske forhold påvirker levekår, bosettingsmønstre og demografi i forskjellige deler av verden i dag","samanlikne korleis politiske, geografiske og historiske forhold påverkar levekår, busetjingsmønster og demografi i forskjellige delar av verda i dag",1.000,,
"Beskrive sentrale lover, reglar og normer og drøfte kva konsekvensar brot på desse kan ha for den enkelte og for samfunnet på kort og lang sikt.",A,KM14715,http://psi.udir.no/kl06/KM14715,"beskrive sentrale lover, regler og normer og drøfte hvilke konsekvenser brudd på disse kan ha for den enkelte og for samfunnet på kort og lang sikt","beskrive sentrale lover, reglar og normer og drøfte kva konsekvensar brot på desse kan ha for den enkelte og for samfunnet på kort og lang sikt",1.000,,
"Vurdere korleis arbeid, inntekt og forbruk kan påverke personleg økonomi, levestandard og livskvalitet.",A,KM14710,http://psi.udir.no/kl06/KM14710,"vurdere hvordan arbeid, inntekt og forbruk kan påvirke personlig økonomi, levestandard og livskvalitet","vurdere korleis arbeid, inntekt og forbruk kan påverke personleg økonomi, levestandard og livskvalitet",1.000,,
"Reflektere over kva for aktørar som har makt i samfunnet i dag, og korleis desse grunngir standpunkta sine.",A,KM14712,http://psi.udir.no/kl06/KM14712,"reflektere over hvilke aktører som har makt i samfunnet i dag, og hvordan de begrunner standpunktene sine","reflektere over kva for aktørar som har makt i samfunnet i dag, og korleis desse grunngir standpunkta sine",1.000,,
"Beskrive ulike dimensjonar ved berekraftig utvikling og korleis dei påverkar kvarandre, og presentere tiltak for meir berekraftige samfunn.",A,KM14708,http://psi.udir.no/kl06/KM14708,"beskrive ulike dimensjoner ved bærekraftig utvikling og hvordan de påvirker hverandre, og presentere tiltak for mer bærekraftige samfunn","beskrive ulike dimensjonar ved berekraftig utvikling og korleis dei påverkar kvarandre, og presentere tiltak for meir berekraftige samfunn",1.000,,
"Utforske og beskrive levemåter, tenkesett, kommunikasjonsmønstre og mangfold i den engelskspråklige verden.",A,KM13387,http://psi.udir.no/kl06/KM13387,"utforske og beskrive levemåter, tenkesett, kommunikasjonsmønstre og mangfold i den engelskspråklige verden","utforske og beskrive levemåtar, tenkesett, kommunikasjonsmønster og mangfald i den engelskspråklege verda",1.000,,
"Skrive formelle og uformelle tekster, inkludert sammensatte, med struktur og sammenheng som beskriver, forteller og reflekterer tilpasset formål, mottaker og situasjon.",A,KM13382,http://psi.udir.no/kl06/KM13382,"skrive formelle og uformelle tekster, inkludert sammensatte, med struktur og sammenheng som beskriver, forteller og reflekterer tilpasset formål, mottaker og situasjon","skrive formelle og uformelle tekstar, inkludert samansette, med struktur og samanheng som beskriv, fortel og reflekterer, tilpassa formål, mottakar og situasjon",1.000,,
Beskrive og reflektere over rollen engelsk har i Norge og i verden.,A,KM13384,http://psi.udir.no/kl06/KM13384,beskrive og reflektere over rollen engelsk har i Norge og i verden,beskrive og reflektere over rolla engelsk har i Noreg og i verda,1.000,,
"Analysere og bruke innsamlede data til å lage forklaringer, drøfte forklaringene i lys av relevant teori og vurdere kvaliteten på egne og andres utforskinger.",A,KM13855,http://psi.udir.no/kl06/KM13855,"analysere og bruke innsamlede data til å lage forklaringer, drøfte forklaringene i lys av relevant teori og vurdere kvaliteten på egne og andres utforskinger","analysere og bruke innsamla data til å lage forklaringar, drøfte forklaringane i lys av relevant teori og vurdere kvaliteten på eigne og andre sine utforskingar",1.000,,
Utforske sammenhenger mellom abiotiske og biotiske faktorer i et økosystem og diskutere hvordan energi og materie omdannes i kretsløp.,A,KM13868,http://psi.udir.no/kl06/KM13868,utforske sammenhenger mellom abiotiske og biotiske faktorer i et økosystem og diskutere hvordan energi og materie omdannes i kretsløp,utforske samanhengar mellom abiotiske og biotiske faktorar i eit økosystem og diskutere korleis energi og materie blir omdanna i kretsløp,1.000,,
"Gjøre rede for energibevaring og energikvalitet og utforske ulike måter å omdanne, transportere og lagre energi på.",A,KM13864,http://psi.udir.no/kl06/KM13864,"gjøre rede for energibevaring og energikvalitet og utforske ulike måter å omdanne, transportere og lagre energi på","gjere greie for energibevaring og energikvalitet og utforske ulike måtar å omdanne, transportere og lagre energi på",1.000,,
Bruke atommodeller og periodesystemet til å gjøre rede for egenskaper til grunnstoffer og kjemiske forbindelser.,A,KM13862,http://psi.udir.no/kl06/KM13862,bruke atommodeller og periodesystemet til å gjøre rede for egenskaper til grunnstoffer og kjemiske forbindelser,bruke atommodellar og periodesystemet til å gjere greie for eigenskapar til grunnstoff og kjemiske samband,1.000,,
"Sammenligne nervesystemet og hormonsystemet og beskrive hvordan rusmidler, legemidler, miljøgifter og doping påvirker signalsystemene.",A,KM13873,http://psi.udir.no/kl06/KM13873,"sammenligne nervesystemet og hormonsystemet og beskrive hvordan rusmidler, legemidler, miljøgifter og doping påvirker signalsystemene","samanlikne nervesystemet og hormonsystemet og beskrive korleis rusmiddel, legemiddel, miljøgifter og doping påverkar signalsystema",1.000,,
Lytte til og utforske det engelske alfabetet og uttalemønstre i lek- og sangaktiviteter.,A,KM13331,http://psi.udir.no/kl06/KM13331,lytte til og utforske det engelske alfabetet og uttalemønstre i lek- og sangaktiviteter,lytte til og utforske det engelske alfabetet og uttalemønster i leik- og songaktivitetar,1.000,,
utforske og forklare sammenhenger mellom de fire regneartene og bruke sammenhengene hensiktsmessig i utregninger,D,,,,,0.553,,
Utvikle og bruke ulike strategiar for rekning med positive tal og brøk og forklare tenkjemåtane sine.,A,KM13268,http://psi.udir.no/kl06/KM13268,utvikle og bruke ulike strategier for regning med positive tall og brøk og forklare tenkemåtene sine,utvikle og bruke ulike strategiar for rekning med positive tal og brøk og forklare tenkjemåtane sine,1.000,utvikle og bruke ulike strategier for regning med positive tall og brøk og forklare tenkemåtene sine || Utvikle og bruke ulike strategier for regning med positive tall og brøk og forklare tenkemåtene sine.,
"Reflektere over hvordan teknologi kan løse utfordringer, skape muligheter og føre til nye dilemmaer",A,KM13840,http://psi.udir.no/kl06/KM13840,"reflektere over hvordan teknologi kan løse utfordringer, skape muligheter og føre til nye dilemmaer","reflektere over korleis teknologi kan løyse utfordringar, skape moglegheiter og føre til nye dilemma",1.000,"Reflektere over hvordan teknologi kan løse utfordringer, skape muligheter og føre til nye dilemmaer.",
"Utforske, forstå og lage teknologiske systemer som består av en sender og en mottaker",A,KM13859,http://psi.udir.no/kl06/KM13859,"utforske, forstå og lage teknologiske systemer som består av en sender og en mottaker","utforske, forstå og lage teknologiske system som består av ein sendar og ein mottakar",1.000,,
"Utforske, lage og programmere teknologiske systemer som består av deler som virker sammen",A,KM13838,http://psi.udir.no/kl06/KM13838,"utforske, lage og programmere teknologiske systemer som består av deler som virker sammen","utforske, lage og programmere teknologiske system som består av delar som verkar saman",1.000,,
Utforske språklig variasjon og mangfold i Norge og reflektere over holdninger til ulike språk og talespråkvarianter,A,KM14196,http://psi.udir.no/kl06/KM14196,utforske språklig variasjon og mangfold i Norge og reflektere over holdninger til ulike språk og talespråkvarianter,utforske språkleg variasjon og mangfald i Noreg og reflektere over haldningar til ulike språk og talespråkvariantar,1.000,Utforske språklig variasjon og mangfold i Norge og reflektere over holdninger til ulike språk og talespråkvarianter.,
Forklare den historiske bakgrunnen for bokmål og nynorsk og reflektere over statusen til de offisielle språkene i Norge i dag,A,KM14195,http://psi.udir.no/kl06/KM14195,forklare den historiske bakgrunnen for bokmål og nynorsk og reflektere over statusen til de offisielle språkene i Norge i dag,forklare den historiske bakgrunnen for bokmål og nynorsk og reflektere over statusen til dei offisielle språka i Noreg i dag,1.000,,
Lage og løyse problem som omhandlar samansette måleiningar.,B,KM13316,http://psi.udir.no/kl06/KM13316,lage og løse problemer som handler om sammensatte måleenheter,lage og løyse problem som handlar om samansette måleiningar,0.957,,
Finne og diskutere sentralmål og spreiingsmål i reelle datasett,D,,,,,0.512,,
Berekne og vurdere sannsyn i statistikk og spel.,A,KM13315,http://psi.udir.no/kl06/KM13315,beregne og vurdere sannsynlighet i statistikk og spill,berekne og vurdere sannsyn i statistikk og spel,1.000,,
"Utforske samanhengen mellom konstant prosentvis endring, vekstfaktor og eksponentialfunksjonar",B,KM13322,http://psi.udir.no/kl06/KM13322,"utforske og forklare sammenhengen mellom konstant prosentvis endring, vekstfaktor og eksponentialfunksjoner","utforske og forklare samanhengen mellom konstant prosentvis endring, vekstfaktor og eksponentialfunksjonar",0.939,,
Oppdage og leke med ord og uttrykk som er felles for engelsk og andre språk eleven kjenner til,A,KM13346,http://psi.udir.no/kl06/KM13346,oppdage og leke med ord og uttrykk som er felles for engelsk og andre språk eleven kjenner til,oppdage og leike med ord og uttrykk som er felles for engelsk og andre språk eleven kjenner til,1.000,,
Bruke tallinje i rekning med positive og negative tal,D,,,,,0.517,,
Reflektere over korleis møte mellom menneske har bidrege til å endre korleis menneske har tenkt og ulike samfunn har vore organiserte,A,KM14697,http://psi.udir.no/kl06/KM14697,reflektere over hvordan møter mellom mennesker har bidratt til å endre hvordan mennesker har tenkt og samfunn har vært organisert,reflektere over korleis møte mellom menneske har bidrege til å endre korleis menneske har tenkt og ulike samfunn har vore organiserte,1.000,,
Lytte til og forstå ord og uttrykk i tilpassede og autentiske tekster.,A,KM13356,http://psi.udir.no/kl06/KM13356,lytte til og forstå ord og uttrykk i tilpassede og autentiske tekster,lytte til og forstå ord og uttrykk i tilpassa og autentiske tekstar,1.000,,
Gjøre rede for jordas forutsetninger for liv og sammenligne med andre himmellegemer i universet.,A,KM13847,http://psi.udir.no/kl06/KM13847,gjøre rede for jordas forutsetninger for liv og sammenligne med andre himmellegemer i universet,"gjere greie for føresetnadene jorda har for liv, og samanlikne med andre himmellekamar i universet",1.000,,
Beskrive posisjonssystemet ved hjelp av ulike representasjonar.,D,,,,,0.511,,
"Utforske likevekt og balanse i praktiske situasjonar, representere dette på ulike måtar og omsetje mellom dei ulike representasjonane.",D,,,,,0.727,,
Forklare korleis ein kan beskrive tid ved hjelp av klokke og kalender.,D,,,,,0.548,,
Løyse likningar og ulikskapar gjennom logiske resonnement og forklare kva det vil seie at eit tal er ei løysing på ei likning.,D,,,,,0.467,,
Bruke ulike strategiar for å løyse lineære likningar og ulikskapar og vurdere om løysingar er gyldige.,B,KM13305,http://psi.udir.no/kl06/KM13305,bruke ulike strategier for å løse ulikheter og vurdere om løsninger er gyldige,bruke ulike strategiar for å løyse ulikskapar og vurdere om løysingar er gyldige,0.884,,
Leke med språket og prøve ut ulike virkemidler og framstillingsmåter i muntlige og skriftlige tekster.,A,KM14171,http://psi.udir.no/kl06/KM14171,leke med språket og prøve ut ulike virkemidler og framstillingsmåter i muntlige og skriftlige tekster,leike med språket og prøve ut ulike verkemiddel og framstillingsmåtar i munnlege og skriftlege tekstar,1.000,Leke med språket og prøve ut ulike virkemidler og framstillingsmåter i muntlige og skriftlige tekster.,
"Bruke fagspråk om setningsoppbygging og bøying av verb, substantiv og adjektiv i samtaler om språk og om egne og andres tekster.",B,KM14159,http://psi.udir.no/kl06/KM14159,"bruke fagspråk om setningsoppbygning og bøying av verb, substantiv og adjektiv i samtaler om språk og om egne og andres tekster","bruke fagspråk om setningsoppbygging og bøying av verb, substantiv og adjektiv i samtalar om språk og om eigne og andre sine tekstar",0.992,,
Bruke fagspråk og kunnskap om ordklasser og setningsoppbygging i samtale om egne og andres tekster.,B,KM14177,http://psi.udir.no/kl06/KM14177,bruke fagspråk og kunnskap om ordklasser og setningsoppbygning i samtale om egne og andres tekster,bruke fagspråk og kunnskap om ordklassar og setningsoppbygging i samtale om eigne og andre sine tekstar,0.990,,
Koble språklyder til bokstaver og stavemønstre og trekke bokstavlyder sammen til ord.,A,KM13330,http://psi.udir.no/kl06/KM13330,koble språklyder til bokstaver og stavemønstre og trekke bokstavlyder sammen til ord,kople språklydar til bokstavar og stavemønster og trekkje bokstavlydar saman til ord,1.000,,
"Lese og eksperimentere med å skrive kjente ord, fraser og enkle setninger.",A,KM13339,http://psi.udir.no/kl06/KM13339,"lese og eksperimentere med å skrive kjente ord, fraser og enkle setninger","lese og eksperimentere med å skrive kjende ord, frasar og enkle setningar",1.000,,
Utforske og beskrive vannets kretsløp og gjøre rede for hvorfor vann er viktig for livet på jorda.,A,KM13828,http://psi.udir.no/kl06/KM13828,utforske og beskrive vannets kretsløp og gjøre rede for hvorfor vann er viktig for livet på jorda,utforske og beskrive kretsløpet til vatnet og gjere greie for kvifor vatn er viktig for livet på jorda,1.000,,
Bruke enkle fagbegreper i arbeidet med religioner og livssyn.,A,KM14596,http://psi.udir.no/kl06/KM14596,bruke enkle fagbegreper i arbeidet med religioner og livssyn,bruke enkle fagomgrep i arbeidet med religionar og livssyn,1.000,,
"Bruke enkle strategier i språklæring, tekstskaping og kommunikasjon.",A,KM13359,http://psi.udir.no/kl06/KM13359,"bruke enkle strategier i språklæring, tekstskaping og kommunikasjon","bruke enkle strategiar i språklæring, tekstskaping og kommunikasjon",1.000,,
"Identifisere setningsledd i ulike typer setninger og bruke kunnskap om bøying av verb, substantiv og adjektiv i arbeid med egne muntlige og skriftlige tekster.",A,KM13370,http://psi.udir.no/kl06/KM13370,"identifisere setningsledd i ulike typer setninger og bruke kunnskap om bøying av verb, substantiv og adjektiv i arbeid med egne muntlige og skriftlige tekster","identifisere setningsledd i ulike typar setningar og bruke kunnskap om bøying av verb, substantiv og adjektiv i arbeid med eigne munnlege og skriftlege tekstar",1.000,,
"Reflektere over hvordan teknologi kan løse utfordringer, skape muligheter og føre til nye dilemmaer.",A,KM13840,http://psi.udir.no/kl06/KM13840,"reflektere over hvordan teknologi kan løse utfordringer, skape muligheter og føre til nye dilemmaer","reflektere over korleis teknologi kan løyse utfordringar, skape moglegheiter og føre til nye dilemma",1.000,"Reflektere over hvordan teknologi kan løse utfordringer, skape muligheter og føre til nye dilemmaer",
Drøfte hvordan energiproduksjon og energibruk kan påvirke miljøet lokalt og globalt.,A,KM13865,http://psi.udir.no/kl06/KM13865,drøfte hvordan energiproduksjon og energibruk kan påvirke miljøet lokalt og globalt,drøfte korleis energiproduksjon og energibruk kan påverke miljøet lokalt og globalt,1.000,,
Beskrive og presentere noen sentrale rituelle praksiser og etiske normer i kristendom.,A,KM14601,http://psi.udir.no/kl06/KM14601,beskrive og presentere noen sentrale rituelle praksiser og etiske normer i kristendom,beskrive og presentere nokre sentrale rituelle praksisar og etiske normer i kristendom,1.000,,
Etter 7.trinn:,C,,,,,,,trinn-overskrift
"Følge regler for rettskriving, ordbøying og setningsstruktur.",A,KM13360,http://psi.udir.no/kl06/KM13360,"følge regler for rettskriving, ordbøying og setningsstruktur","følgje reglar for rettskriving, ordbøying og setningsstruktur",1.000,"Følge regler for rettskriving, ordbøying og setningsstruktur. || - følge regler for rettskriving, ordbøying og setningsstruktur",
utforske og forklare sammenhenger mellom de fire regneartene og bruke sammenhengene hensiktsmessig i utregninger,D,,,,,0.553,,
Etter 7. trinn:,C,,,,,,,trinn-overskrift
bruke tallinje i regning med positive og negative tall,D,,,,,0.513,,
Etter 4. trinn:,C,,,,,,,trinn-overskrift
"Beskrive, fortelle og argumentere muntlig og skriftlig og bruke språket på kreative måter",A,KM14162,http://psi.udir.no/kl06/KM14162,"beskrive, fortelle og argumentere muntlig og skriftlig og bruke språket på kreative måter","beskrive, fortelje og argumentere munnleg og skriftleg og bruke språket på kreative måtar",1.000,"Beskrive, fortelle og argumentere muntlig og skriftlig og bruke språket på kreative måter. || Beskrive, fortelle og argumentere muntlig og skriftlig og bruke språket på kreative måter.",
"Beskrive, fortelle og argumentere muntlig og skriftlig og bruke språket på kreative måter.",A,KM14162,http://psi.udir.no/kl06/KM14162,"beskrive, fortelle og argumentere muntlig og skriftlig og bruke språket på kreative måter","beskrive, fortelje og argumentere munnleg og skriftleg og bruke språket på kreative måtar",1.000,"Beskrive, fortelle og argumentere muntlig og skriftlig og bruke språket på kreative måter. || Beskrive, fortelle og argumentere muntlig og skriftlig og bruke språket på kreative måter",
Utforske og forklare sammenhenger mellom addisjon og subtraksjon og bruke det i hoderegning og problemløsing.,D,,,,,0.734,,
Utvikle og bruke hensiktsmessige strategier for subtraksjon i praktiske situasjoner.,D,,,,,0.623,,
Etter 7. trinn:,C,,,,,,,trinn-overskrift
Leke med språket og prøve ut ulike virkemidler og framstillingsmåter i muntlige og skriftlige tekster.,A,KM14171,http://psi.udir.no/kl06/KM14171,leke med språket og prøve ut ulike virkemidler og framstillingsmåter i muntlige og skriftlige tekster,leike med språket og prøve ut ulike verkemiddel og framstillingsmåtar i munnlege og skriftlege tekstar,1.000,Leke med språket og prøve ut ulike virkemidler og framstillingsmåter i muntlige og skriftlige tekster.,
Etter 2. trinn:,C,,,,,,,trinn-overskrift
Trekke bokstavlyder sammen til ord under lesing og skriving.,A,KM14146,http://psi.udir.no/kl06/KM14146,trekke bokstavlyder sammen til ord under lesing og skriving,trekkje bokstavlydar saman til ord under lesing og skriving,1.000,Trekke bokstavlyder sammen til ord under lesing og skriving.,
Etter 4. trinn:,C,,,,,,,trinn-overskrift
Utforske og forklare samanhengar mellom dei fire rekneartane og bruke samanhengane formålstenleg i utrekningar.,D,,,,,0.556,,
Bruke fagbegreper i arbeidet med religioner og livssyn.,A,KM14607,http://psi.udir.no/kl06/KM14607,bruke fagbegreper i arbeidet med religioner og livssyn,bruke fagomgrep i arbeidet med religionar og livssyn,1.000,Bruke fagbegreper i arbeidet med religioner og livssyn.,
Etter 2. trinn,C,,,,,,,trinn-overskrift
utforske den kommutative og den assosiative egenskapen ved addisjon og bruke dette i hoderegning,D,,,,,0.717,,
Etter 3. trinn,C,,,,,,,trinn-overskrift
utforske og forklare sammenhenger mellom addisjon og subtraksjon og bruke det i hoderegning og problemløsing,D,,,,,0.734,,
Etter 4. trinn,C,,,,,,,trinn-overskrift
utforske og forklare sammenhenger mellom de fire regneartene og bruke sammenhengene hensiktsmessig i utregninger,D,,,,,0.553,,
Etter 5. trinn,C,,,,,,,trinn-overskrift
utvikle og bruke ulike strategier for regning med positive tall og brøk og forklare tenkemåtene sine,A,KM13268,http://psi.udir.no/kl06/KM13268,utvikle og bruke ulike strategier for regning med positive tall og brøk og forklare tenkemåtene sine,utvikle og bruke ulike strategiar for rekning med positive tal og brøk og forklare tenkjemåtane sine,1.000,Utvikle og bruke ulike strategiar for rekning med positive tal og brøk og forklare tenkjemåtane sine. || Utvikle og bruke ulike strategier for regning med positive tall og brøk og forklare tenkemåtene sine.,
Etter 6. trinn,C,,,,,,,trinn-overskrift
"formulere og løse problemer fra sin egen hverdag som har med desimaltall, brøk og prosent å gjøre, og forklare egne tenkemåter",D,,,,,0.660,,
Etter 7. trinn,C,,,,,,,trinn-overskrift
bruke sammensatte regneuttrykk til å beskrive og utføre utregninger,D,,,,,0.545,,
Etter 7. trinn:,C,,,,,,,trinn-overskrift
bruke filosofiske tenkemåter i samtale og undring,A,KM14602,http://psi.udir.no/kl06/KM14602,bruke filosofiske tenkemåter i samtale og undring,bruke filosofiske tenkjemåtar i samtale og undring,1.000,,
utforske og beskrive egne og andres perspektiver i etiske dilemmaer knyttet til hverdags- og samfunnsutfordringer,A,KM14604,http://psi.udir.no/kl06/KM14604,utforske og beskrive egne og andres perspektiver i etiske dilemmaer knyttet til hverdags- og samfunnsutfordringer,utforske og beskrive eigne og andre sine perspektiv i etiske dilemma knytte til kvardags- og samfunnsutfordringar,1.000,,
reflektere over eksistensielle spørsmål knyttet til menneskets levesett og levekår og klodens framtid,A,KM14605,http://psi.udir.no/kl06/KM14605,reflektere over eksistensielle spørsmål knyttet til menneskets levesett og levekår og klodens framtid,reflektere over eksistensielle spørsmål knytte til levesettet og levekåra til menneska og til framtida til kloden,1.000,,
Etter 10. trinn:,C,,,,,,,trinn-overskrift
utforske andres perspektiv og håndtere uenighet og meningsbrytning,A,KM14618,http://psi.udir.no/kl06/KM14618,utforske andres perspektiv og håndtere uenighet og meningsbrytning,utforske perspektiva til andre og handtere usemje og meiningsbryting,1.000,,
reflektere over eksistensielle spørsmål knyttet til det å vokse opp og leve i et mangfoldig og globalt samfunn,A,KM14619,http://psi.udir.no/kl06/KM14619,reflektere over eksistensielle spørsmål knyttet til det å vokse opp og leve i et mangfoldig og globalt samfunn,reflektere over eksistensielle spørsmål knytte til det å vakse opp og leve i eit mangfaldig og globalt samfunn,1.000,,
"identifisere og drøfte aktuelle etiske problemstillinger knyttet til menneskerettigheter, bærekraft og fattigdom",A,KM14621,http://psi.udir.no/kl06/KM14621,"identifisere og drøfte aktuelle etiske problemstillinger knyttet til menneskerettigheter, bærekraft og fattigdom","identifisere og drøfte aktuelle etiske problemstillingar knytte til menneskerettar, berekraft og fattigdom",1.000,,
Utforske og forklare sammenhenger mellom de fire regneartene og bruke sammenhengene hensiktsmessig i utregninger.,D,,,,,0.553,,
Utvikle og bruke ulike strategier for regning med positive tall og brøk og forklare tenkemåtene sine.,A,KM13268,http://psi.udir.no/kl06/KM13268,utvikle og bruke ulike strategier for regning med positive tall og brøk og forklare tenkemåtene sine,utvikle og bruke ulike strategiar for rekning med positive tal og brøk og forklare tenkjemåtane sine,1.000,Utvikle og bruke ulike strategiar for rekning med positive tal og brøk og forklare tenkjemåtane sine. || utvikle og bruke ulike strategier for regning med positive tall og brøk og forklare tenkemåtene sine,
Etter 2. trinn,C,,,,,,,trinn-overskrift
Etter 4. trinn,C,,,,,,,trinn-overskrift
Identifisere ordklasser i tilpassede tekster,A,KM13344,http://psi.udir.no/kl06/KM13344,identifisere ordklasser i tilpassede tekster,identifisere ordklassar i tilpassa tekstar,1.000,,
Gi eksempler på god dyrevelferd og reflektere over hvordan dyrs behov kan ivaretas,A,KM13826,http://psi.udir.no/kl06/KM13826,gi eksempler på god dyrevelferd og reflektere over hvordan dyrs behov kan ivaretas,gi døme på god dyrevelferd og reflektere over korleis ein kan vareta behova til dyr,1.000,,
Her jobbes det med kjerneelementet - Utforsking og problemløsing:,D,,,,,0.478,,
"""Utforsking i matematikk handler om at elevene leter etter mønstre, finner sammenhenger og diskuterer seg fram til en felles forståelse."" (Udir) Denne aktiviteten gir god øvelse i dette.",D,,,,,0.414,,
Etter 7. trinn:,C,,,,,,,trinn-overskrift
"Innlede, holde i gang og avslutte samtaler om egne interesser og aktuelle emner.",A,KM13358,http://psi.udir.no/kl06/KM13358,"innlede, holde i gang og avslutte samtaler om egne interesser og aktuelle emner","innleie, halde i gang og avslutte samtalar om eigne interesser og aktuelle emne",1.000,,
Lage og følge regler og trinnvise instruksjoner i lek og spill.,A,KM13239,http://psi.udir.no/kl06/KM13239,lage og følge regler og trinnvise instruksjoner i lek og spill,lage og følgje reglar og trinnvise instruksjonar i leik og spel,1.000,,
"utforske, bruke og beskrive ulike divisjonsstrategier",B,KM13257,http://psi.udir.no/kl06/KM13257,bruke og forklare ulike divisjonsstrategier,bruke og forklare ulike divisjonsstrategiar,0.800,,
løse ligninger og ulikheter gjennom logiske resonnementer og forklare hva det vil si at et tall er en løsning på en ligning,D,,,,,0.472,,
Etter 7. trinn:,C,,,,,,,trinn-overskrift
"- utforske og bruke uttalemønstre og ord og uttrykk i lek, sang og rollespill",A,KM13355,http://psi.udir.no/kl06/KM13355,"utforske og bruke uttalemønstre og ord og uttrykk i lek, sang og rollespill","utforske og bruke uttalemønster og ord og uttrykk i leik, song og rollespel",1.000,"Utforske og bruke uttalemønstre og ord og uttrykk i lek, sang og rollespill.",
"- følge regler for rettskriving, ordbøying og setningsstruktur",A,KM13360,http://psi.udir.no/kl06/KM13360,"følge regler for rettskriving, ordbøying og setningsstruktur","følgje reglar for rettskriving, ordbøying og setningsstruktur",1.000,"Følge regler for rettskriving, ordbøying og setningsstruktur. || Følge regler for rettskriving, ordbøying og setningsstruktur.",
Sammenligne talespråk i nærmiljøet med andre talespråkvarianter i Norge og med nabospråk.,A,KM14178,http://psi.udir.no/kl06/KM14178,sammenligne talespråk i nærmiljøet med andre talespråkvarianter i Norge og med nabospråk,samanlikne talespråk i nærmiljøet med andre talespråkvariantar i Noreg og med nabospråk,1.000,,
Utforske språklig variasjon og mangfold i Norge og reflektere over holdninger til ulike språk og talespråkvarianter.,A,KM14196,http://psi.udir.no/kl06/KM14196,utforske språklig variasjon og mangfold i Norge og reflektere over holdninger til ulike språk og talespråkvarianter,utforske språkleg variasjon og mangfald i Noreg og reflektere over haldningar til ulike språk og talespråkvariantar,1.000,Utforske språklig variasjon og mangfold i Norge og reflektere over holdninger til ulike språk og talespråkvarianter,
"Eksperimentere med telling både forlengs og baklengs, velge ulike startpunkter og ulik differanse og beskrive mønstre i tellingene.",B,KM13230,http://psi.udir.no/kl06/KM13230,"telle både framlengs og baklengs, velge ulike startpunkter og ulik differanse og forklare mønstre i tellinger","telje både framlengs og baklengs, velje ulike startpunkt og ulik differanse og forklare mønster i teljingar",0.835,,
Utforske og beskrive strukturer og mønstre i lek og spill.,B,KM13262,http://psi.udir.no/kl06/KM13262,beskrive og utforske strukturer og mønstre i lek og spill,beskrive og utforske strukturar og mønster i leik og spel,0.789,,
"Måle og sammenligne størrelser som gjelder lengde og areal, ved hjelp av ikke-standardiserte og standardiserte måleenheter, beskrive hvordan og samtale om resultatene.",D,,,,,0.683,,
Bruke ulike måleenheter for lengde og masse i praktiske situasjoner og begrunne valget av måleenhet.,D,,,,,0.627,,
Bruke ikke-standardiserte måleenheter for areal og volum i praktiske situasjoner og begrunne valget av måleenhet.,D,,,,,0.657,,
"Samtale om identitet, mangfold og fellesskap og reflektere over hvordan det kan oppleves ikke å være del av fellesskapet.",A,KM14668,http://psi.udir.no/kl06/KM14668,"samtale om identitet, mangfold og fellesskap og reflektere over hvordan det kan oppleves ikke å være del av fellesskapet","samtale om identitet, mangfald og fellesskap og reflektere over korleis det kan opplevast ikkje å vere ein del av fellesskapet",1.000,,
Utforske ulike sider ved mangfold i Norge og reflektere over menneskers behov for å være seg selv og for å høre til i fellesskap.,A,KM14683,http://psi.udir.no/kl06/KM14683,utforske ulike sider ved mangfold i Norge og reflektere over menneskers behov for å være seg selv og for å høre til i fellesskap,utforske ulike sider ved mangfald i Noreg og reflektere over menneska sine behov for å vere seg sjølve og for å høyre til i fellesskap,1.000,Utforske ulike sider ved mangfald i Noreg og reflektere over menneska sine behov for å vere seg sjølve og for å høyre til i fellesskap.,
Lese med sammenheng og forståelse på papir og digitalt og bruke enkle strategier for leseforståelse.,A,KM14140,http://psi.udir.no/kl06/KM14140,lese med sammenheng og forståelse på papir og digitalt og bruke enkle strategier for leseforståelse,lese med samanheng og forståing på papir og digitalt og bruke enkle strategiar for leseforståing,1.000,,
"Oppleve naturen til ulike årstider, reflektere over hvordan naturen er i endring, og hvorfor året deles inn på ulike måter i norsk og samisk tradisjon.",A,KM13811,http://psi.udir.no/kl06/KM13811,"oppleve naturen til ulike årstider, reflektere over hvordan naturen er i endring, og hvorfor året deles inn på ulike måter i norsk og samisk tradisjon","oppleve naturen til ulike årstider, reflektere over korleis naturen er i endring, og kvifor året blir delt inn på ulike måtar i norsk og samisk tradisjon",1.000,,
utforske og bruke hensiktsmessige sentralmål i egne og andres statistiske undersøkelser,D,,,,,0.591,,
Etter 2. trinn:,C,,,,,,,trinn-overskrift
utforske den kommutative og den assosiative egenskapen ved addisjon og bruke dette i hoderegning,D,,,,,0.717,,
Etter 5. trinn:,C,,,,,,,trinn-overskrift
representere brøker på ulike måter og oversette mellom de ulike representasjonene,D,,,,,0.660,,
"Øve på sammensatte bevegelser, alene og sammen med andre",A,KM13577,http://psi.udir.no/kl06/KM13577,"øve på sammensatte bevegelser, alene og sammen med andre","øve på samansette bevegelsar, åleine og saman med andre",1.000,,
"Gjennomføre aktiviteter ut fra egne interesser og forutsetninger i dans, friluftsliv, idrettsaktiviteter og andre bevegelsesaktiviteter",A,KM13578,http://psi.udir.no/kl06/KM13578,"gjennomføre aktiviteter ut fra egne interesser og forutsetninger i dans, friluftsliv, idrettsaktiviteter og andre bevegelsesaktiviteter","gjennomføre aktivitetar ut frå eigne interesser og føresetnader i dans, friluftsliv, idrettsaktivitetar og andre bevegelsesaktivitetar",1.000,,
"Utøve et repertoar av musikk, sang, andre vokale uttrykk og dans fra samtiden og historien",A,KM13721,http://psi.udir.no/kl06/KM13721,"utøve et repertoar av musikk, sang, andre vokale uttrykk og dans fra samtiden og historien","utøve eit repertoar av musikk, song, andre vokale uttrykk og dans frå samtida og historia",1.000,,
"Lytte, eksperimentere og skape nye uttrykk med instrumenter, kropp, stemme eller lyd fra andre kilder, og presentere resultatet",A,KM13722,http://psi.udir.no/kl06/KM13722,"lytte, eksperimentere og skape nye uttrykk med instrumenter, kropp, stemme eller lyd fra andre kilder, og presentere resultatet","lytte, eksperimentere og skape nye uttrykk med instrument, kropp, stemme eller lyd frå andre kjelder, og presentere resultatet",1.000,,
Etter 7. trinn (KRØ),C,,,,,,,trinn-overskrift
Etter 7. trinn (musikk),C,,,,,,,trinn-overskrift
Etter 7.trinn,C,,,,,,,trinn-overskrift
Etter 10.trinn,C,,,,,,,trinn-overskrift
Etter 10. trinn (KRØ),C,,,,,,,trinn-overskrift
"Utforske egne muligheter til trening, helse og velvære gjennom lek, dans, friluftsliv, idrettsaktiviteter og andre bevegelsesaktiviteter",A,KM13587,http://psi.udir.no/kl06/KM13587,"utforske egne muligheter til trening, helse og velvære gjennom lek, dans, friluftsliv, idrettsaktiviteter og andre bevegelsesaktiviteter","utforske eigne moglegheiter til trening, helse og velvære gjennom leik, dans, friluftsliv, idrettsaktivitetar og andre bevegelsesaktivitetar",1.000,,
"Øve på og gjennomføre danseaktiviteter fra ungdomskulturer og andre kulturer, og sammen med medelever skape og presentere dansekomposisjoner",A,KM13589,http://psi.udir.no/kl06/KM13589,"øve på og gjennomføre danseaktiviteter fra ungdomskulturer og andre kulturer, og sammen med medelever skape og presentere dansekomposisjoner","øve på og gjennomføre danseaktivitetar frå ungdomskulturar og andre kulturar, og saman med medelevar skape og presentere dansekomposisjonar",1.000,,
Etter 10. trinn (musikk),C,,,,,,,trinn-overskrift
"Utøve et variert repertoar av musikk, sang, andre vokale uttrykk og dans",A,KM13730,http://psi.udir.no/kl06/KM13730,"utøve et variert repertoar av musikk, sang, andre vokale uttrykk og dans","utøve eit variert repertoar av musikk, song, andre vokale uttrykk og dans",1.000,,
"Samarbeide med andre om å planlegge og gjennomføre øvingsprosesser hvor det inngår selvvalgt sang, andre vokale uttrykk, spill på instrumenter eller dans, og formidle resultatet i gruppe eller individuelt",A,KM13732,http://psi.udir.no/kl06/KM13732,"samarbeide med andre om å planlegge og gjennomføre øvingsprosesser hvor det inngår selvvalgt sang, andre vokale uttrykk, spill på instrumenter eller dans, og formidle resultatet i gruppe eller individuelt","samarbeide med andre om å planleggje og gjennomføre øvingsprosessar kor det inngår sjølvvald song, andre vokale uttrykk, spel på instrument eller dans, og formidle resultatet i gruppe eller individuelt",1.000,,
Ettter 7. trinn:,C,,,,,,,overskrift (kolon)
Etter 10. trinn,C,,,,,,,trinn-overskrift
"Presentere og gi eksempler på rettigheter barn har i Norge og verden, og hva barn kan gjøre ved brudd på disse rettighetene.",A,KM14724,http://psi.udir.no/kl06/KM14724,"presentere og gi eksempler på rettigheter barn har i Norge og verden, og hva barn kan gjøre ved brudd på disse rettighetene","presentere og gi døme på rettar barn har i Noreg og verda, og kva barn kan gjere ved brot på desse rettane",1.000,,
Samtale om menneske- og likeverd og sammenligne hvordan menneskerettighetene er blitt og blir ivaretatt i ulike land.,A,KM14689,http://psi.udir.no/kl06/KM14689,samtale om menneske- og likeverd og sammenligne hvordan menneskerettighetene er blitt og blir ivaretatt i ulike land,samtale om menneske- og likeverd og samanlikne korleis menneskerettane er blitt og blir varetekne i ulike land,1.000,,
"Presentere menneskerettigheter og rettigheter som barn har, og reflektere over hvorfor disse rettighetene finnes.",A,KM14670,http://psi.udir.no/kl06/KM14670,"presentere menneskerettigheter og rettigheter som barn har, og reflektere over hvorfor disse rettighetene finnes","presentere menneskerettar og rettar barn har, og reflektere over kvifor desse rettane finst",1.000,,
Bruke komma og andre skilletegn i tekster.,A,KM14157,http://psi.udir.no/kl06/KM14157,bruke komma og andre skilletegn i tekster,bruke komma og andre skiljeteikn i tekstar,1.000,,
Kjenne igjen og beskrive repeterende enheter i mønstre og lage egne mønstre.,A,KM13236,http://psi.udir.no/kl06/KM13236,kjenne igjen og beskrive repeterende enheter i mønstre og lage egne mønstre,kjenne att og beskrive repeterande einingar i mønster og lage eigne mønster,1.000,Kjenne att og beskrive repeterande einingar i mønster og lage eigne mønster.,
Eksperimentere med og forklare plasseringer i koordinatsystemet.,B,KM13251,http://psi.udir.no/kl06/KM13251,"eksperimentere med, navngi og plassere punkter i koordinatsystemet","eksperimentere med, namngi og plassere punkt i koordinatsystemet",0.812,,
Lage og følge regler og trinnvise instruksjoner i lek og spill knyttet til koordinatsystemet.,A,KM13252,http://psi.udir.no/kl06/KM13252,lage og følge regler og trinnvise instruksjoner i lek og spill knyttet til koordinatsystemet,lage og følgje reglar og trinnvise instruksjonar i leik og spel knytte til koordinatsystemet,1.000,Lage og følgje reglar og trinnvise instruksjonar i leik og spel knytte til koordinatsystemet.,
